Player Name,Team,Year,Runs,Batting Average,Strike Rate,Salary ($),Value for Money
A Ashish Reddy,SRH,2015,73,24.33,158.69,33000,8.540840063636363
A Ashish Reddy,SRH,2016,47,23.5,162.06,33000,5.424099090909091
A Choudhary,RCB,2017,25,25.0,125.0,299000,0.2612876254180602
A Dananjaya,MI,2018,4,0.0,80.0,78130,0.0
A Mishra,SRH,2013,89,14.83,92.7,300000,0.40783983
A Mishra,SRH,2014,4,4.0,57.14,791000,0.0011558027812895069
A Mishra,DC,2015,8,4.0,66.66,583333,0.0036567792324452755
A Mishra,DC,2016,4,2.0,28.57,15000,0.015237333333333334
A Mishra,DC,2017,49,49.0,94.23,15000,15.083082000000001
A Mishra,DC,2018,1,0.0,50.0,625000,0.0
A Mishra,DC,2019,21,10.5,87.5,625000,0.03087
A Nehra,CSK,2015,1,1.0,14.28,333000,4.288288288288288e-05
A Nehra,SRH,2016,1,0.0,100.0,825000,0.0
A Nehra,SRH,2017,0,0.0,0.0,825000,0.0
A Nortje,DC,2020,7,7.0,116.66,28600,0.19987202797202797
A Zampa,RPS,2016,0,0.0,0.0,45000,0.0
A Zampa,RPS,2017,5,5.0,71.42,45000,0.03967777777777778
AB Agarkar,DC,2013,12,12.0,75.0,210000,0.05142857142857143
AB Dinda,PWI,2013,9,4.5,81.81,375000,0.008835480000000001
AB Dinda,RCB,2014,4,4.0,33.33,250000,0.00213312
AB Dinda,RPS,2017,7,7.0,100.0,75000,0.06533333333333333
AB de Villiers,RCB,2013,360,36.0,164.38,1100000,1.9366952727272726
AB de Villiers,RCB,2014,395,35.9,158.63,1583333,1.4207072769910056
AB de Villiers,RCB,2015,513,46.63,175.08,1583333,2.645130206469518
AB de Villiers,RCB,2016,687,52.84,168.79,1583333,3.86984878935764
AB de Villiers,RCB,2017,216,27.0,132.51,1583333,0.48808325222805304
AB de Villiers,RCB,2018,480,53.33,174.54,1718750,2.599531482763636
AB de Villiers,RCB,2019,442,44.2,154.0,1718750,1.75046144
AB de Villiers,RCB,2020,454,45.4,158.74,1718750,1.9036424052363636
AC Gilchrist,KXIP,2013,294,24.5,128.38,900000,1.0274679333333334
AD Mascarenhas,KXIP,2013,5,0.0,100.0,100000,0.0
AD Mathews,PWI,2013,172,24.57,123.74,950000,0.5504528311578947
AD Mathews,DC,2015,144,20.57,138.46,1250000,0.32810367744
AD Mathews,DC,2017,32,16.0,118.51,300000,0.20225706666666668
AD Nath,GL,2016,20,6.66,74.07,15000,0.6577415999999998
AD Nath,GL,2017,0,0.0,0.0,15000,0.0
AD Nath,KXIP,2018,9,9.0,69.23,156250,0.035888832
AD Nath,RCB,2019,61,12.2,107.01,514300,0.15484511374684035
AD Russell,DC,2013,11,5.5,78.57,450000,0.0105633
AD Russell,KKR,2014,2,1.0,25.0,100000,0.0005
AD Russell,KKR,2015,326,36.22,192.89,100000,22.775911108
AD Russell,KKR,2016,188,26.85,164.91,100000,8.32432698
AD Russell,KKR,2018,316,28.72,184.79,1328130,1.262726796925
AD Russell,KKR,2019,510,56.66,204.81,1328130,4.4561245104018425
AD Russell,KKR,2020,117,13.0,144.44,1328130,0.1654154638476655
AF Milne,RCB,2017,7,3.5,58.33,116667,0.012249265002099994
AJ Finch,PWI,2013,456,32.57,135.71,300000,6.718513544
AJ Finch,SRH,2014,309,28.09,117.49,666000,1.5312175328828828
AJ Finch,MI,2015,23,11.5,69.69,533333,0.034561905976191236
AJ Finch,GL,2016,393,39.3,131.43,150000,13.532821380000001
AJ Finch,GL,2017,299,24.91,166.11,150000,8.248014866000002
AJ Finch,KXIP,2018,134,16.75,134.0,968750,0.31046503225806454
AJ Finch,RCB,2020,268,22.33,111.2,628600,1.058653719376392
AJ Turner,RR,2019,3,1.0,30.0,71400,0.0012605042016806723
AJ Tye,GL,2017,53,26.5,176.66,75000,3.3082529333333333
AJ Tye,KXIP,2018,32,5.33,84.21,1125000,0.012766984533333333
AJ Tye,KXIP,2019,0,0.0,0.0,1125000,0.0
AJ Tye,RR,2020,6,6.0,100.0,142900,0.025192442267319804
AM Nayar,PWI,2013,66,11.0,90.41,675000,0.09724097777777778
AM Nayar,RR,2014,43,14.33,91.48,166000,0.33957265783132534
AM Rahane,RR,2013,488,34.85,106.55,60000,30.20124233333333
AM Rahane,RR,2014,339,28.25,116.49,1333333,0.8366969147992287
AM Rahane,RR,2015,540,49.09,130.75,1333333,2.5995002373750595
AM Rahane,RPS,2016,480,43.63,126.64,1333333,1.9891096492774125
AM Rahane,RPS,2017,382,25.46,118.26,1333333,0.8626229510557379
AM Rahane,RR,2018,370,28.46,118.21,625000,1.9916399072000002
AM Rahane,RR,2019,393,32.75,137.89,625000,2.8395963479999997
AM Rahane,DC,2020,113,14.12,105.6,760000,0.22169886315789475
AN Ahmed,RCB,2014,4,0.0,400.0,50000,0.0
AN Ahmed,RCB,2015,10,10.0,200.0,50000,0.4
AP Tare,MI,2014,126,15.75,128.57,266000,0.9591998684210525
AP Tare,MI,2015,14,7.0,82.35,266000,0.030339473684210524
AP Tare,SRH,2016,8,4.0,53.33,180000,0.00948088888888889
AP Tare,DC,2017,18,6.0,78.26,37000,0.2284345945945946
AR Bawne,DC,2017,12,0.0,100.0,15000,0.0
AR Patel,KXIP,2014,62,10.33,103.33,125000,0.5294298544000001
AR Patel,KXIP,2015,206,22.88,118.39,125000,4.464041753599999
AR Patel,KXIP,2016,111,15.85,144.15,125000,2.02888242
AR Patel,KXIP,2017,227,28.37,140.12,125000,7.2189711904
AR Patel,KXIP,2018,80,13.33,115.94,1953130,0.06330270693707024
AR Patel,DC,2019,110,18.33,125.0,714300,0.35284544309113813
AR Patel,DC,2020,117,14.62,137.64,714300,0.3296076236875262
AS Rajpoot,KKR,2017,4,4.0,57.14,225000,0.004063288888888889
AS Rajpoot,KXIP,2018,11,3.66,61.11,468750,0.005248615680000001
AS Rajpoot,RR,2020,9,9.0,90.0,430000,0.016953488372093022
AT Carey,DC,2020,32,16.0,110.34,342900,0.16475380577427823
AT Rayudu,CSK,2018,602,43.0,149.75,343750,11.27688290909091
AT Rayudu,CSK,2019,282,23.5,93.06,343750,1.79406144
AT Rayudu,CSK,2020,359,39.88,127.3,343750,5.301945937454545
Abdul Samad,SRH,2020,111,22.2,170.76,28600,14.712824895104893
Abhishek Sharma,DC,2018,63,63.0,190.9,85940,8.816407959041191
Abhishek Sharma,SRH,2019,9,4.5,100.0,85940,0.04712590179194787
Abhishek Sharma,SRH,2020,71,14.2,126.78,85940,1.4873120316499882
Ankit Sharma,RPS,2016,3,0.0,100.0,15000,0.0
Ankit Sharma,RPS,2017,25,25.0,166.66,15000,6.944166666666667
Anureet Singh,KXIP,2015,18,6.0,58.06,33000,0.19001454545454546
Anureet Singh,KXIP,2017,15,15.0,125.0,33000,0.8522727272727273
Anureet Singh,RR,2018,3,0.0,75.0,46880,0.0
Arshdeep Singh,KXIP,2020,0,0.0,0.0,28600,0.0
Avesh Khan,DC,2019,4,0.0,133.33,109380,0.0
Azhar Mahmood,KXIP,2013,196,19.6,127.27,200000,2.44460216
Azhar Mahmood,KKR,2015,6,6.0,85.71,200000,0.0154278
B Kumar,PWI,2013,52,7.42,73.23,60000,0.47091772
B Kumar,SRH,2014,1,1.0,25.0,708000,3.531073446327684e-05
B Kumar,SRH,2015,17,17.0,170.0,708000,0.06939265536723163
B Kumar,SRH,2016,43,7.16,159.25,708000,0.0692512570621469
B Kumar,SRH,2017,4,4.0,100.0,708000,0.0022598870056497176
B Kumar,SRH,2018,13,6.5,81.25,1328130,0.005169392303464269
B Kumar,SRH,2019,12,4.0,63.15,1328130,0.002282306701904181
B Kumar,SRH,2020,0,0.0,0.0,1328130,0.0
B Laughlin,CSK,2013,4,4.0,44.44,20000,0.035552
B Laughlin,RR,2018,1,1.0,25.0,78130,0.0003199795213106361
B Lee,KKR,2013,21,21.0,175.0,400000,0.1929375
B Stanlake,SRH,2018,5,0.0,250.0,78130,0.0
BA Stokes,RPS,2017,316,31.6,142.98,2164000,0.659769449168207
BA Stokes,RR,2018,196,16.33,121.73,1953130,0.19948430283698473
BA Stokes,RR,2019,123,20.5,124.24,1953130,0.1603944233102763
BA Stokes,RR,2020,285,40.71,142.5,1953130,0.8465052889464603
BB McCullum,KKR,2013,6,6.0,85.71,900000,0.0034284
BB McCullum,CSK,2014,405,31.15,121.62,541000,2.8360952218114606
BB McCullum,CSK,2015,436,33.53,155.71,541000,4.2076468517560075
BB McCullum,GL,2016,354,22.12,135.11,541000,1.9555936280961188
BB McCullum,GL,2017,319,29.0,147.0,541000,2.5136728280961185
BB McCullum,RCB,2018,127,21.16,144.31,562500,0.6894349319111112
BB Sran,SRH,2016,4,0.0,100.0,180000,0.0
BB Sran,KXIP,2018,3,3.0,42.85,180000,0.0021425000000000003
BB Sran,MI,2019,3,0.0,100.0,485700,0.0
BCJ Cutting,RR,2014,8,8.0,133.33,133000,0.06415879699248121
BCJ Cutting,SRH,2016,65,32.5,191.17,75000,5.384621666666667
BCJ Cutting,SRH,2017,51,25.5,196.15,75000,3.401241
BCJ Cutting,MI,2018,96,24.0,165.51,343750,1.109338298181818
BCJ Cutting,MI,2019,18,9.0,105.88,343750,0.049898356363636355
BE Hendricks,KXIP,2014,0,0.0,0.0,300000,0.0
BE Hendricks,KXIP,2015,1,0.0,50.0,300000,0.0
BJ Hodge,RR,2013,293,41.85,134.4,475000,3.469514778947369
BJ Hodge,RR,2014,101,33.66,140.27,400000,1.1921757705
BMAJ Mendis,DC,2013,23,7.66,85.18,725000,0.020699327448275864
BR Dunk,MI,2014,40,13.33,114.28,33000,1.8464877575757577
BW Hilfenhaus,CSK,2014,0,0.0,0.0,166000,0.0
Basil Thampi,SRH,2018,3,3.0,50.0,148440,0.0030315278900565883
Basil Thampi,SRH,2019,1,0.0,100.0,148440,0.0
C Munro,KKR,2016,30,10.0,100.0,45000,0.6666666666666666
C Munro,DC,2018,63,12.6,153.65,296880,0.41083053759094584
C Munro,DC,2019,84,21.0,120.0,296880,0.7130153597413096
C de Grandhomme,RCB,2018,131,26.2,155.95,343750,1.5570955345454545
C de Grandhomme,RCB,2019,46,15.33,93.87,343750,0.1925679901090909
CA Ingram,DC,2019,184,18.4,119.48,914300,0.4424275270698895
CA Lynn,KKR,2014,58,29.0,118.36,216000,0.9216737037037036
CA Lynn,KKR,2016,25,25.0,113.63,216000,0.32879050925925923
CA Lynn,KKR,2017,295,49.16,180.98,216000,12.150963685185182
CA Lynn,KKR,2018,491,32.73,130.23,1500000,1.3952347325999999
CA Lynn,KKR,2019,405,31.15,139.65,1500000,1.174526325
CA Pujara,RCB,2013,92,23.0,92.92,700000,0.28088388571428574
CA Pujara,KXIP,2014,125,25.0,100.8,316000,0.9968354430379747
CH Gayle,RCB,2013,708,59.0,156.29,2000000,3.26427294
CH Gayle,RCB,2014,196,21.77,106.52,1400000,0.324651656
CH Gayle,RCB,2015,491,40.91,147.44,1400000,2.115428047428571
CH Gayle,RCB,2016,227,22.7,151.33,1400000,0.5569916835714286
CH Gayle,RCB,2017,200,22.22,122.69,1400000,0.3894531142857143
CH Gayle,KXIP,2018,368,40.88,146.03,312500,7.0299262566400005
CH Gayle,KXIP,2019,490,40.83,153.6,312500,9.833693184
CH Gayle,KXIP,2020,288,41.14,137.14,312500,5.19961153536
CH Morris,CSK,2013,14,7.0,87.5,625000,0.01372
CH Morris,RR,2015,76,38.0,165.21,233333,2.0448306926152755
CH Morris,DC,2016,195,65.0,178.89,1050000,2.1594578571428573
CH Morris,DC,2017,154,30.8,163.82,1050000,0.7400295466666666
CH Morris,DC,2018,46,46.0,176.92,1718750,0.21781103709090907
CH Morris,DC,2019,32,5.33,86.48,1718750,0.008581834938181819
CH Morris,RCB,2020,34,8.5,161.9,1718750,0.02722274909090909
CJ Anderson,MI,2014,265,29.44,146.4,750000,1.52287232
CJ Anderson,MI,2015,114,38.0,117.52,750000,0.67879552
CJ Anderson,DC,2017,142,20.28,115.44,150000,2.216263296
CJ Anderson,RCB,2018,17,5.66,77.27,150000,0.049566129333333334
CJ Jordan,SRH,2017,0,0.0,0.0,75000,0.0
CJ Jordan,KXIP,2020,29,9.66,93.54,428600,0.06113928044797014
CL White,SRH,2013,209,17.41,109.42,1100000,0.361950418
CM Gautam,MI,2014,121,17.28,109.0,33000,6.90624
CM Gautam,DC,2015,4,4.0,80.0,33333,0.038400384003840035
CR Brathwaite,DC,2016,83,13.83,218.42,630000,0.39797164095238097
CR Brathwaite,DC,2017,12,6.0,80.0,630000,0.009142857142857144
CR Brathwaite,SRH,2018,75,25.0,156.25,312500,0.9375
CR Brathwaite,KKR,2019,11,5.5,110.0,714300,0.009316813663726725
CR Woakes,KKR,2017,46,11.5,97.87,627000,0.0825729346092504
CR Woakes,RCB,2018,17,8.5,89.47,1156250,0.011181331891891891
CV Varun,KKR,2020,10,5.0,66.66,1200000,0.0027775
D Padikkal,RCB,2020,473,31.53,124.8,28600,65.07792
D Wiese,RCB,2015,122,30.5,141.86,466667,1.131130034907118
D Wiese,RCB,2016,5,0.0,125.0,466667,0.0
DA Miller,KXIP,2013,418,59.71,164.56,100000,41.072168368
DA Miller,KXIP,2014,446,44.6,149.16,833333,3.560438691375477
DA Miller,KXIP,2015,357,32.45,134.21,833333,1.8657317980927195
DA Miller,KXIP,2016,161,16.1,122.9,833333,0.38228306091322445
DA Miller,KXIP,2017,83,27.66,103.75,833333,0.28582472432988976
DA Miller,KXIP,2018,74,37.0,115.62,468750,0.675344128
DA Miller,KXIP,2019,213,26.62,129.87,468750,1.57092414336
DA Warner,DC,2013,410,31.53,126.93,750000,2.187816252
DA Warner,SRH,2014,528,48.0,140.8,916000,3.895671615720524
DA Warner,SRH,2015,562,43.23,156.54,916000,4.151943231877729
DA Warner,SRH,2016,848,60.57,151.42,916000,8.490654990393013
DA Warner,SRH,2017,641,58.27,141.81,916000,5.782483882860262
DA Warner,SRH,2019,692,69.2,143.86,1953130,3.5271269726029506
DA Warner,SRH,2020,548,39.14,134.64,1953130,1.4785783131691181
DH Yagnik,RR,2014,4,0.0,66.66,50000,0.0
DJ Bravo,CSK,2013,121,15.12,114.15,200000,1.04419854
DJ Bravo,CSK,2014,8,0.0,266.66,666667,0.0
DJ Bravo,CSK,2015,195,21.66,131.75,666667,0.8347082951458524
DJ Bravo,GL,2016,99,12.37,120.73,666667,0.22177425896287048
DJ Bravo,CSK,2018,141,35.25,154.94,1000000,0.770090535
DJ Bravo,CSK,2019,80,16.0,121.21,1000000,0.15514879999999998
DJ Bravo,CSK,2020,7,3.5,116.66,1000000,0.00285817
DJ Hooda,RR,2015,151,16.77,158.94,66000,6.098166572727273
DJ Hooda,SRH,2016,144,10.28,119.0,630000,0.279616
DJ Hooda,SRH,2017,78,26.0,150.0,630000,0.4828571428571429
DJ Hooda,SRH,2018,87,21.75,107.4,562500,0.36129360000000005
DJ Hooda,SRH,2019,64,10.66,101.58,562500,0.12320344746666666
DJ Hooda,KXIP,2020,101,101.0,142.25,71400,20.323420868347338
DJ Hussey,KXIP,2013,235,23.5,112.44,1400000,0.44353564285714286
DJ Hussey,CSK,2014,116,58.0,123.4,1400000,0.5930251428571429
DJ Muthuswami,DC,2015,1,1.0,33.33,125000,0.00026664
DJG Sammy,SRH,2013,174,29.0,131.81,425000,1.5649723764705883
DJG Sammy,SRH,2014,108,15.42,118.68,583000,0.33901359313893653
DJG Sammy,RCB,2015,13,6.5,72.22,466667,0.013076969230736264
DJM Short,RR,2018,115,16.42,116.16,625000,0.3509518848
DL Chahar,RPS,2017,14,14.0,233.33,15000,3.0488453333333334
DL Chahar,CSK,2018,50,16.66,172.41,125000,1.14894024
DL Chahar,CSK,2019,7,3.5,77.77,125000,0.01524292
DL Chahar,CSK,2020,7,7.0,58.33,125000,0.02286536
DM Bravo,KKR,2017,6,0.0,120.0,75000,0.0
DPMD Jayawardene,DC,2013,331,22.06,105.75,1400000,0.5515512107142857
DR Shorey,CSK,2018,8,8.0,88.88,31250,0.18202623999999998
DR Shorey,CSK,2019,5,5.0,62.5,31250,0.05
DR Smith,MI,2013,418,32.15,122.58,100000,16.47315846
DR Smith,CSK,2014,566,35.37,136.05,750000,3.631522788
DR Smith,CSK,2015,399,24.93,119.1,750000,1.5795947160000001
DR Smith,GL,2016,324,29.45,146.6,345000,4.054573565217391
DR Smith,GL,2017,239,21.72,153.2,345000,2.3051404521739127
DS Kulkarni,RR,2014,35,0.0,140.0,183000,0.0
DS Kulkarni,RR,2015,4,2.0,36.36,183000,0.0015895081967213114
DS Kulkarni,GL,2016,27,13.5,168.75,300000,0.20503125
DS Kulkarni,GL,2017,1,1.0,50.0,300000,0.00016666666666666666
DS Kulkarni,RR,2018,6,6.0,85.71,117190,0.02632955030292687
DS Kulkarni,RR,2019,5,0.0,166.66,117190,0.0
DS Kulkarni,MI,2020,3,0.0,150.0,110000,0.0
DT Christian,RCB,2013,6,3.0,40.0,900000,0.0008
DT Christian,RPS,2017,79,15.8,161.22,149000,1.350569154362416
DT Christian,DC,2018,26,13.0,78.78,234380,0.11360884034473931
DW Steyn,SRH,2013,53,26.5,147.22,1200000,0.17230874166666665
DW Steyn,SRH,2014,22,7.33,84.61,1200000,0.011370173833333334
DW Steyn,SRH,2015,20,20.0,153.84,1200000,0.05128
DW Steyn,GL,2016,1,1.0,50.0,345000,0.00014492753623188405
DW Steyn,RCB,2019,0,0.0,0.0,345000,0.0
DW Steyn,RCB,2020,1,0.0,50.0,285700,0.0
E Lewis,MI,2018,382,29.38,138.4,593750,2.616059526736842
E Lewis,MI,2019,48,16.0,92.3,593750,0.11938762105263157
EJG Morgan,KKR,2013,307,27.9,127.91,350000,3.1302500657142853
EJG Morgan,SRH,2015,187,23.37,123.84,250000,2.1648173184000004
EJG Morgan,SRH,2016,123,24.6,117.14,250000,1.417768848
EJG Morgan,KXIP,2017,65,16.25,104.83,300000,0.36908895833333333
EJG Morgan,KKR,2020,418,41.8,138.41,750000,3.224473178666666
F Behardien,KXIP,2016,14,7.0,107.69,45000,0.23452488888888887
F du Plessis,CSK,2014,303,27.54,128.93,791000,1.3601414116308468
F du Plessis,CSK,2015,380,29.23,125.0,791000,1.7552781289506953
F du Plessis,RPS,2016,206,34.33,127.16,791000,1.1368811337547409
F du Plessis,RPS,2017,8,8.0,114.28,791000,0.009246422250316055
F du Plessis,CSK,2018,162,32.4,125.58,250000,2.636577216
F du Plessis,CSK,2019,396,36.0,123.36,250000,7.03448064
F du Plessis,CSK,2020,449,40.81,140.75,250000,10.31623747
G Gambhir,KKR,2013,406,25.37,118.36,2400000,0.5079725163333334
G Gambhir,KKR,2014,335,22.33,114.33,1666667,0.5131506662698667
G Gambhir,KKR,2015,327,25.15,117.62,1666667,0.5803875405224919
G Gambhir,KKR,2016,501,38.53,121.89,1666667,1.4117440806711838
G Gambhir,KKR,2017,498,41.5,128.02,1666667,1.587473286505343
G Gambhir,DC,2018,85,17.0,96.59,437500,0.31902297142857144
GB Hogg,KKR,2015,7,7.0,116.66,83333,0.06859635438541754
GB Hogg,KKR,2016,0,0.0,0.0,83333,0.0
GC Viljoen,KXIP,2019,3,1.5,42.85,107100,0.001800420168067227
GH Vihari,SRH,2015,39,9.75,111.42,16667,2.5419964600707985
GH Vihari,DC,2019,4,2.0,50.0,285700,0.001400070003500175
GJ Bailey,KXIP,2014,257,28.55,135.26,541000,1.8344731256931608
GJ Bailey,KXIP,2015,259,23.54,136.31,541000,1.536160788539741
GJ Bailey,RPS,2016,84,21.0,85.71,541000,0.27946846580406653
GJ Maxwell,MI,2013,36,18.0,133.33,1000000,0.08639784000000002
GJ Maxwell,KXIP,2014,552,34.5,187.75,1000000,3.575511
GJ Maxwell,KXIP,2015,145,13.18,129.46,1000000,0.247411006
GJ Maxwell,KXIP,2016,179,19.88,144.35,1000000,0.513672362
GJ Maxwell,KXIP,2017,310,31.0,173.18,1000000,1.6642598
GJ Maxwell,DC,2018,169,14.08,140.83,1406250,0.23829888113777778
GJ Maxwell,KXIP,2020,108,15.42,101.88,1535700,0.11048178472357881
Gurkeerat Singh,KXIP,2015,35,7.0,89.74,216000,0.10178842592592592
Gurkeerat Singh,KXIP,2016,113,22.6,131.39,216000,1.5534434351851851
Gurkeerat Singh,RCB,2019,98,32.66,140.0,71400,6.275843137254902
Gurkeerat Singh,RCB,2020,71,0.0,88.75,71400,0.0
H Klaasen,RCB,2019,9,4.5,90.0,71400,0.051050420168067226
HF Gurney,KKR,2019,1,0.0,20.0,107100,0.0
HH Pandya,MI,2015,112,22.4,180.64,16667,27.19083410331793
HH Pandya,MI,2016,44,6.28,69.84,16667,1.1578681706365872
HH Pandya,MI,2017,250,35.71,156.25,16667,83.69363862722746
HH Pandya,MI,2018,260,28.88,133.33,1718750,0.5824862859636364
HH Pandya,MI,2019,402,44.66,191.42,1718750,1.9994906265599999
HH Pandya,MI,2020,281,35.12,178.98,1718750,1.0276674941672725
HV Patel,RCB,2014,13,6.5,185.71,66000,0.23776507575757577
HV Patel,RCB,2015,19,3.8,158.33,66000,0.17320342424242427
HV Patel,RCB,2016,0,0.0,0.0,66000,0.0
HV Patel,DC,2018,60,60.0,181.81,31250,20.944512
HV Patel,DC,2019,0,0.0,0.0,31250,0.0
HV Patel,DC,2020,21,10.5,87.5,31250,0.6174
Harbhajan Singh,MI,2013,116,19.33,146.83,1300000,0.25325690184615385
Harbhajan Singh,MI,2014,28,5.6,112.0,1333333,0.013171203292800823
Harbhajan Singh,MI,2015,117,16.71,160.27,1333333,0.23500436042609016
Harbhajan Singh,MI,2016,92,30.66,109.52,1333333,0.23169399872349966
Harbhajan Singh,MI,2017,16,8.0,100.0,1333333,0.0096000024000006
Harbhajan Singh,CSK,2018,29,9.66,80.55,312500,0.07220888639999999
Harbhajan Singh,CSK,2019,1,1.0,33.33,312500,0.00010665599999999999
Harpreet Brar,KXIP,2019,20,0.0,166.66,28600,0.0
I Sharma,RPS,2016,0,0.0,0.0,570000,0.0
I Sharma,KXIP,2017,8,4.0,66.66,570000,0.003742315789473684
I Sharma,DC,2019,10,0.0,333.33,157100,0.0
I Udana,RCB,2020,15,5.0,136.36,71400,0.14323529411764707
IK Pathan,DC,2013,142,17.75,93.42,1900000,0.12392900526315791
IK Pathan,SRH,2014,55,27.5,101.85,400000,0.3851203125
IK Pathan,RPS,2016,11,3.66,84.61,150000,0.022709324000000003
IK Pathan,GL,2017,2,2.0,66.66,150000,0.0017775999999999998
IR Jaggi,KKR,2017,33,33.0,84.61,15000,6.142685999999999
IS Sodhi,RR,2018,1,1.0,16.66,69573,0.0002394607103330315
IS Sodhi,RR,2019,6,6.0,54.54,69573,0.028221292742874392
Imran Tahir,CSK,2018,2,0.0,100.0,156250,0.0
Imran Tahir,CSK,2019,0,0.0,0.0,156250,0.0
Imran Tahir,CSK,2020,13,0.0,130.0,156250,0.0
Iqbal Abdulla,RCB,2015,20,10.0,111.11,108000,0.20575925925925925
Iqbal Abdulla,RCB,2016,37,0.0,137.03,15000,0.0
Iqbal Abdulla,RCB,2017,5,0.0,71.42,15000,0.0
Ishan Kishan,GL,2016,42,8.4,102.43,52500,0.6883296000000001
Ishan Kishan,GL,2017,277,27.7,134.46,52500,19.651393028571427
Ishan Kishan,MI,2018,275,22.91,149.45,968750,0.971945664516129
Ishan Kishan,MI,2019,101,16.83,101.0,968750,0.1772209858064516
Ishan Kishan,MI,2020,516,57.33,145.76,968750,4.451007104825806
J Botha,DC,2013,43,7.16,82.69,950000,0.026798523368421052
J Botha,KKR,2015,31,10.33,206.66,950000,0.06966182294736843
J Suchith,MI,2015,48,48.0,150.0,16667,20.735585288294235
J Suchith,DC,2019,6,6.0,40.0,16667,0.08639827203455931
J Theron,RR,2015,1,0.0,100.0,50000,0.0
J Yadav,DC,2016,6,3.0,60.0,16000,0.0675
JA Morkel,CSK,2013,46,15.33,124.32,500000,0.17533595519999998
JA Morkel,RCB,2014,45,15.0,109.75,400000,0.185203125
JA Morkel,DC,2015,86,86.0,132.3,50000,19.569816
JA Morkel,RPS,2016,16,16.0,177.77,50000,0.9101824000000001
JC Archer,RR,2018,15,3.0,71.42,1125000,0.0028568
JC Archer,RR,2019,67,33.5,167.5,1125000,0.3341811111111111
JC Archer,RR,2020,113,18.83,179.36,1125000,0.3392359239111111
JC Buttler,MI,2016,255,23.18,138.58,570000,1.4370746
JC Buttler,MI,2017,272,27.2,153.67,570000,1.994582680701754
JC Buttler,RR,2018,548,54.8,155.24,687500,6.780973521454546
JC Buttler,RR,2019,311,38.87,151.7,687500,2.6673979185454546
JC Buttler,RR,2020,328,32.8,144.49,687500,2.261063586909091
JD Unadkat,DC,2014,1,1.0,16.66,466000,3.575107296137339e-05
JD Unadkat,RPS,2017,2,0.0,40.0,45000,0.0
JD Unadkat,RR,2018,49,12.25,128.94,1796880,0.043072567450247096
JD Unadkat,RR,2019,1,1.0,33.33,1200000,2.7774999999999997e-05
JD Unadkat,RR,2020,9,9.0,69.23,428600,0.013083597760149324
JDS Neesham,DC,2014,42,14.0,91.3,166000,0.3234
JDS Neesham,KXIP,2020,19,9.5,105.55,71400,0.2668315826330532
JH Kallis,KKR,2013,311,20.73,96.58,1100000,0.566049234
JH Kallis,KKR,2014,151,25.16,117.05,916000,0.4854712641921397
JJ Bumrah,MI,2014,1,0.0,33.33,200000,0.0
JJ Bumrah,MI,2015,0,0.0,0.0,200000,0.0
JJ Bumrah,MI,2016,8,8.0,72.72,200000,0.0232704
JJ Bumrah,MI,2017,16,16.0,133.33,200000,0.17066240000000002
JJ Bumrah,MI,2018,10,10.0,90.9,1093750,0.008310857142857142
JJ Bumrah,MI,2019,0,0.0,0.0,1093750,0.0
JJ Bumrah,MI,2020,5,0.0,166.66,1093750,0.0
JJ Roy,DC,2018,120,30.0,127.65,234380,1.960662172540319
JL Denly,KKR,2019,0,0.0,0.0,142900,0.0
JL Pattinson,MI,2020,15,15.0,115.38,100000,0.259605
JM Bairstow,SRH,2019,445,55.62,157.24,314300,12.382537435571109
JM Bairstow,SRH,2020,345,31.36,126.83,314300,4.365889710467706
JO Holder,SRH,2014,16,16.0,133.33,125000,0.27305984
JO Holder,KKR,2016,22,5.5,115.78,105000,0.1334226666666667
JO Holder,SRH,2020,66,33.0,124.52,105000,2.5829005714285715
JP Duminy,DC,2014,410,51.25,134.42,366000,7.717213797814207
JP Duminy,DC,2015,414,41.4,131.42,366000,6.154333967213113
JP Duminy,DC,2016,191,38.2,122.43,366000,2.440638704918033
JP Duminy,MI,2018,36,36.0,90.0,156250,0.746496
JP Faulkner,RR,2013,57,11.4,100.0,400000,0.16245
JP Faulkner,RR,2014,181,45.25,192.55,850000,1.8553325147058826
JP Faulkner,RR,2015,144,18.0,132.11,850000,0.40285778823529417
JP Faulkner,GL,2016,77,25.66,130.5,850000,0.30334648235294115
JP Faulkner,GL,2017,54,13.5,94.73,850000,0.08124490588235293
JR Philippe,RCB,2020,78,19.5,101.29,28600,5.3867863636363635
K Gowtham,RR,2018,126,14.0,196.87,968750,0.3584812180645161
K Gowtham,RR,2019,18,6.0,94.73,968750,0.010560867096774194
K Gowtham,KXIP,2020,42,42.0,155.55,900000,0.30487800000000004
K Rabada,DC,2017,55,18.33,85.93,746000,0.11612644705093833
K Rabada,DC,2019,14,4.66,93.33,656250,0.0092782464
K Rabada,DC,2020,56,14.0,114.28,656250,0.13652650666666669
KA Pollard,MI,2013,420,42.0,149.46,900000,2.9294160000000002
KA Pollard,MI,2014,273,34.12,134.48,900000,1.3918321386666663
KA Pollard,MI,2015,419,38.09,163.67,900000,2.9023619285555555
KA Pollard,MI,2016,207,25.87,143.75,900000,0.855326875
KA Pollard,MI,2017,385,29.61,139.49,900000,1.7668500850000002
KA Pollard,MI,2018,133,19.0,133.0,843750,0.39833007407407406
KA Pollard,MI,2019,279,34.87,156.74,843750,1.8072665365333334
KA Pollard,MI,2020,268,53.6,191.42,843750,3.258915574518518
KC Cariappa,KXIP,2016,13,13.0,118.18,120000,0.16643683333333334
KC Cariappa,KXIP,2017,2,1.0,28.57,120000,0.0004761666666666667
KC Cariappa,KKR,2019,9,0.0,300.0,120000,0.0
KC Sangakkara,SRH,2013,120,13.33,88.23,700000,0.20161815428571425
KD Karthik,MI,2013,510,28.33,124.08,1200000,1.4939542199999998
KD Karthik,DC,2014,325,23.21,125.96,2083000,0.4561439126260201
KD Karthik,RCB,2015,141,12.81,120.51,1750000,0.1243807812
KD Karthik,GL,2016,335,25.76,125.93,345000,3.149929066666667
KD Karthik,GL,2017,361,36.1,139.38,345000,5.2649684
KD Karthik,KKR,2018,498,49.8,147.77,1156250,3.1695179312432433
KD Karthik,KKR,2019,253,31.62,146.24,1156250,1.0118049958054054
KD Karthik,KKR,2020,169,14.08,126.11,1156250,0.2595297446054054
KH Pandya,MI,2016,237,39.5,191.12,300000,5.9638996
KH Pandya,MI,2017,243,34.71,135.75,300000,3.816624825
KH Pandya,MI,2018,228,22.8,145.22,1375000,0.5490266530909091
KH Pandya,MI,2019,183,16.63,122.0,1375000,0.2700228218181818
KH Pandya,MI,2020,109,18.16,118.47,1375000,0.1705485504
KJ Abbott,KXIP,2016,13,13.0,162.5,315000,0.08718253968253968
KK Ahmed,SRH,2019,0,0.0,0.0,468750,0.0
KK Ahmed,SRH,2020,0,0.0,0.0,468750,0.0
KK Nair,RR,2014,330,33.0,142.24,125000,12.391948800000002
KK Nair,RR,2015,181,16.45,124.82,125000,2.9731624719999994
KK Nair,DC,2016,357,35.7,120.2,600000,2.5532283000000002
KK Nair,DC,2017,281,21.61,124.33,600000,1.2583045588333333
KK Nair,KXIP,2018,301,25.08,136.19,875000,1.1749819488
KK Nair,KXIP,2019,5,5.0,83.33,875000,0.002380857142857143
KK Nair,KXIP,2020,16,8.0,114.28,875000,0.01671753142857143
KL Nagarkoti,KKR,2020,22,7.33,70.96,500000,0.022886019199999996
KL Rahul,SRH,2014,166,20.75,101.21,166000,2.1001075
KL Rahul,SRH,2015,142,28.4,112.69,166000,2.737688144578313
KL Rahul,RCB,2016,397,44.11,146.49,166000,15.453521315060241
KL Rahul,KXIP,2018,659,54.91,158.41,1718750,3.335083725323636
KL Rahul,KXIP,2019,593,53.9,135.38,1718750,2.5175914624000004
KL Rahul,KXIP,2020,670,55.83,129.34,1718750,2.814897439418182
KM Jadhav,DC,2014,149,29.8,147.52,333000,1.9670219339339339
KM Jadhav,DC,2015,189,23.62,135.0,333000,1.8098027027027028
KM Jadhav,RCB,2016,42,0.0,131.25,333000,0.0
KM Jadhav,RCB,2017,267,22.25,143.54,333000,2.5607665315315313
KM Jadhav,CSK,2018,24,0.0,109.09,1218750,0.0
KM Jadhav,CSK,2019,162,18.0,95.85,1218750,0.2293321846153846
KM Jadhav,CSK,2020,62,20.66,93.93,1218750,0.09872148972307694
KMA Paul,DC,2019,18,3.6,75.0,71400,0.0680672268907563
KP Pietersen,DC,2014,294,29.4,126.18,1500000,0.727099632
KP Pietersen,RPS,2016,73,36.5,119.67,525000,0.6073537428571429
KS Williamson,SRH,2015,31,31.0,114.81,100000,1.1033241
KS Williamson,SRH,2016,124,20.66,101.63,100000,2.603597992
KS Williamson,SRH,2017,256,42.66,151.47,100000,16.541978112
KS Williamson,SRH,2018,735,52.5,142.44,468750,11.7256608
KS Williamson,SRH,2019,156,22.28,120.0,468750,0.88977408
KS Williamson,SRH,2020,317,45.28,133.75,468750,4.095606186666667
KV Sharma,SRH,2014,42,10.5,144.82,625000,0.10218499199999999
KV Sharma,SRH,2015,104,17.33,122.35,625000,0.3528221631999999
KV Sharma,SRH,2016,36,0.0,120.0,625000,0.0
KV Sharma,MI,2017,49,8.16,119.51,478000,0.09996836485355651
KV Sharma,CSK,2018,0,0.0,0.0,478000,0.0
KW Richardson,PWI,2013,34,17.0,94.44,700000,0.07798045714285715
KW Richardson,RR,2014,1,1.0,50.0,166000,0.00030120481927710846
KW Richardson,RCB,2016,1,0.0,100.0,300000,0.0
Karanveer Singh,KXIP,2014,1,0.0,100.0,16000,0.0
Karanveer Singh,KXIP,2015,11,11.0,68.75,16000,0.519921875
Kartik Tyagi,RR,2020,4,4.0,66.66,185700,0.00574345718901454
Kuldeep Yadav,KKR,2017,20,10.0,90.9,66000,0.27545454545454545
Kuldeep Yadav,KKR,2018,12,12.0,50.0,906250,0.007944827586206897
Kuldeep Yadav,KKR,2019,12,6.0,150.0,906250,0.011917241379310346
Kuldeep Yadav,KKR,2020,13,13.0,61.9,906250,0.01154328275862069
L Balaji,KKR,2013,9,9.0,90.0,500000,0.01458
L Balaji,KXIP,2014,1,1.0,33.33,300000,0.00011109999999999999
LA Pomersbach,KXIP,2013,58,29.0,98.3,300000,0.5511353333333333
LH Ferguson,RPS,2017,1,0.0,100.0,75000,0.0
LH Ferguson,KKR,2020,43,0.0,148.27,228600,0.0
LJ Wright,PWI,2013,106,21.2,176.66,200000,1.9849517599999997
LR Shukla,DC,2014,31,10.33,81.57,250000,0.10448464439999999
LRPL Taylor,PWI,2013,63,12.6,82.89,1000000,0.065798082
LRPL Taylor,DC,2014,59,19.66,100.0,1000000,0.115994
LS Livingstone,RR,2019,70,23.33,145.83,71400,3.335503823529412
M Ashwin,RCB,2018,1,1.0,50.0,343750,0.00014545454545454546
M Ashwin,KXIP,2019,3,3.0,60.0,28600,0.01888111888111888
M Ashwin,KXIP,2020,4,4.0,100.0,28600,0.055944055944055944
M Manhas,CSK,2014,35,17.5,152.17,50000,1.8640824999999996
M Markande,MI,2018,21,10.5,87.5,31250,0.6174
M Markande,MI,2019,6,6.0,120.0,31250,0.13824
M Morkel,DC,2013,57,11.4,196.55,475000,0.2688804
M Morkel,KKR,2014,4,0.0,133.33,466000,0.0
M Morkel,KKR,2015,4,0.0,133.33,466000,0.0
M Morkel,KKR,2016,1,0.0,100.0,466000,0.0
M Prasidh Krishna,KKR,2018,1,0.0,20.0,15620,0.0
M Prasidh Krishna,KKR,2019,0,0.0,0.0,15620,0.0
M Prasidh Krishna,KKR,2020,2,0.0,50.0,15620,0.0
M Vijay,CSK,2013,312,22.28,109.09,900000,0.8425820693333335
M Vijay,DC,2014,207,18.81,107.81,833000,0.5039334486194477
M Vijay,KXIP,2015,251,22.81,110.08,500000,1.2604842496
M Vijay,KXIP,2016,453,34.84,124.45,500000,3.9282692280000004
M Vijay,CSK,2018,12,12.0,120.0,312500,0.055296
M Vijay,CSK,2019,64,32.0,104.91,312500,0.687538176
M Vijay,CSK,2020,32,10.66,74.41,312500,0.08122476544
M Vohra,KXIP,2014,324,40.5,139.05,58333,31.279277595871978
M Vohra,KXIP,2015,82,11.71,101.23,58333,1.6663478751307153
M Vohra,KXIP,2016,161,23.0,122.9,58333,7.801736581351894
M Vohra,KXIP,2017,229,25.44,144.02,58333,14.383384279910173
M Vohra,RCB,2018,55,13.75,117.02,171880,0.5148730218757273
M de Lange,MI,2014,1,1.0,50.0,50000,0.001
MA Agarwal,DC,2014,115,14.37,126.37,266000,0.7850855018796993
MA Agarwal,DC,2015,213,23.66,120.33,266000,2.279746847368421
MA Agarwal,DC,2016,27,9.0,108.0,266000,0.09866165413533834
MA Agarwal,RPS,2017,26,8.66,96.29,266000,0.08150622706766918
MA Agarwal,KXIP,2018,120,12.0,127.65,156250,1.1764224
MA Agarwal,KXIP,2019,332,25.53,141.88,156250,7.696442910720001
MA Agarwal,KXIP,2020,424,38.54,156.45,156250,16.3618764288
MA Starc,RCB,2014,85,14.16,101.19,833000,0.1462092244897959
MA Starc,RCB,2015,11,11.0,78.57,833000,0.011412929171668666
MA Wood,CSK,2018,1,1.0,33.33,234380,0.0001422049662940524
MC Henriques,RCB,2013,165,41.25,132.0,300000,2.99475
MC Henriques,SRH,2014,9,4.5,64.28,166000,0.01568277108433735
MC Henriques,SRH,2015,287,41.0,136.01,166000,9.641142590361445
MC Henriques,SRH,2016,182,15.16,115.18,166000,1.9144303710843376
MC Henriques,SRH,2017,277,46.16,136.45,166000,10.510200987951807
MEK Hussey,CSK,2013,733,52.35,129.5,425000,11.692341705882354
MEK Hussey,MI,2014,209,23.22,114.83,833000,0.6689888276110444
MEK Hussey,CSK,2015,77,19.25,110.0,250000,0.65219
MG Johnson,MI,2013,39,9.75,108.33,300000,0.137308275
MG Johnson,KXIP,2014,56,18.66,112.0,1083000,0.10806603878116344
MG Johnson,KXIP,2015,31,7.75,86.11,1083000,0.01910242613111727
MG Johnson,KXIP,2016,5,2.5,35.71,1083000,0.0004121652816251154
MG Johnson,MI,2017,20,0.0,117.64,299000,0.0
MG Johnson,KKR,2018,16,0.0,145.45,312500,0.0
MJ Guptill,KXIP,2017,132,22.0,150.0,75000,5.808
MJ Guptill,SRH,2019,81,27.0,152.83,142900,2.3389727781665504
MJ McClenaghan,MI,2015,13,13.0,216.66,50000,0.7323108
MJ McClenaghan,MI,2016,34,11.33,147.82,50000,1.1388644079999999
MJ McClenaghan,MI,2017,16,4.0,106.66,50000,0.1365248
MJ McClenaghan,MI,2018,11,5.5,110.0,50000,0.1331
MJ McClenaghan,MI,2019,11,3.66,68.75,50000,0.05535750000000001
MJ Santner,CSK,2019,32,32.0,139.13,78130,1.8234880327659029
MK Lomror,RR,2018,20,20.0,95.23,31250,1.218944
MK Lomror,RR,2019,8,8.0,266.66,31250,0.54611968
MK Lomror,RR,2020,59,19.66,109.25,31250,4.055150240000001
MK Pandey,KKR,2014,401,30.84,117.94,283000,5.153869645229682
MK Pandey,KKR,2015,225,20.45,122.28,283000,1.9881302120141342
MK Pandey,KKR,2016,248,31.0,135.51,283000,3.681275194346289
MK Pandey,KKR,2017,396,49.5,128.57,283000,8.905403321554768
MK Pandey,SRH,2018,284,25.81,115.44,1718750,0.4923228029672727
MK Pandey,SRH,2019,344,43.0,130.79,1718750,1.125612032
MK Pandey,SRH,2020,425,32.69,127.62,1718750,1.0315965469090909
MK Tiwary,KKR,2013,146,18.25,104.28,475000,0.5849559157894737
MK Tiwary,DC,2014,152,30.4,128.81,466000,1.2772644806866953
MK Tiwary,DC,2015,57,28.5,101.78,466000,0.35481032188841205
MK Tiwary,RPS,2017,324,32.4,137.28,75000,19.214807040000004
MK Tiwary,KXIP,2018,47,15.66,106.81,156250,0.5031314956799999
MM Ali,RCB,2018,77,19.25,167.39,265630,0.9340580036140496
MM Ali,RCB,2019,220,27.5,165.41,265630,3.7673850845160564
MM Ali,RCB,2020,12,4.0,75.0,265630,0.013552686067085797
MM Patel,GL,2017,0,0.0,0.0,45000,0.0
MM Sharma,CSK,2014,1,0.0,33.33,333000,0.0
MM Sharma,CSK,2015,28,9.33,155.55,333000,0.12202967567567569
MM Sharma,KXIP,2016,32,8.0,123.07,975000,0.0323137641025641
MM Sharma,KXIP,2017,51,8.5,102.0,975000,0.04535076923076923
MM Sharma,KXIP,2018,10,10.0,76.92,375000,0.020512
MM Sharma,CSK,2019,0,0.0,0.0,714300,0.0
MN Samuels,PWI,2013,8,4.0,44.44,400000,0.0035551999999999997
MN Samuels,DC,2017,29,7.25,93.54,400000,0.0491669625
MP Stoinis,KXIP,2016,146,36.5,135.18,82500,8.731808727272728
MP Stoinis,KXIP,2017,17,5.66,70.83,82500,0.08260924363636364
MP Stoinis,KXIP,2018,99,24.75,130.26,968750,0.32946535741935484
MP Stoinis,RCB,2019,211,52.75,135.25,968750,1.5539265161290323
MP Stoinis,DC,2020,352,25.14,148.52,685700,1.9167202356715767
MR Marsh,PWI,2013,140,20.0,132.07,290000,1.2751586206896552
MR Marsh,RPS,2016,7,7.0,63.63,720000,0.004330375000000001
MR Marsh,SRH,2020,0,0.0,0.0,285700,0.0
MS Bisla,KKR,2014,3,3.0,33.33,100000,0.0029996999999999997
MS Bisla,RCB,2015,37,18.5,123.33,100000,0.8441938499999999
MS Dhoni,CSK,2013,461,41.9,162.89,3000000,1.0487889836666664
MS Dhoni,CSK,2014,371,74.2,148.4,2083333,1.9608890561422492
MS Dhoni,CSK,2015,372,31.0,121.96,2083333,0.6750926136148182
MS Dhoni,RPS,2016,284,40.57,135.23,2083333,0.7478899592143934
MS Dhoni,RPS,2017,290,26.36,116.0,2083333,0.42564026010244155
MS Dhoni,CSK,2018,455,75.83,150.66,2343750,2.21788554624
MS Dhoni,CSK,2019,416,83.2,134.62,2343750,1.9879934907733336
MS Dhoni,CSK,2020,200,25.0,116.27,2343750,0.24804266666666666
MS Gony,KXIP,2013,45,11.25,180.0,500000,0.18225
Mandeep Singh,KXIP,2014,24,8.0,92.3,133000,0.1332451127819549
Mandeep Singh,RCB,2015,157,22.42,157.0,133000,4.155117142857143
Mandeep Singh,RCB,2017,188,18.8,106.21,133000,2.822470857142857
Mandeep Singh,RCB,2018,252,25.2,135.48,218750,3.9330385919999995
Mandeep Singh,KXIP,2019,165,41.25,137.5,218750,4.278214285714285
Mandeep Singh,KXIP,2020,130,21.66,119.26,218750,1.5351419794285714
Mohammad Nabi,SRH,2017,2,2.0,66.66,45000,0.005925333333333333
Mohammad Nabi,SRH,2018,18,9.0,150.0,156250,0.15552
Mohammad Nabi,SRH,2019,115,19.16,151.31,156250,2.1337373056
Mohammad Nabi,SRH,2020,11,0.0,137.5,156250,0.0
Mohammed Shami,DC,2014,3,1.5,42.85,708000,0.00027235169491525424
Mohammed Shami,DC,2016,2,0.0,50.0,708000,0.0
Mohammed Shami,DC,2017,36,9.0,150.0,708000,0.06864406779661017
Mohammed Shami,DC,2018,7,7.0,116.66,708000,0.008073926553672317
Mohammed Shami,KXIP,2019,1,1.0,50.0,685700,7.291818579553741e-05
Mohammed Shami,KXIP,2020,2,2.0,66.66,685700,0.00038885810121044184
Mohammed Siraj,RCB,2018,25,12.5,113.63,406250,0.08740769230769231
Mohammed Siraj,RCB,2019,4,4.0,28.57,406250,0.0011252184615384616
Mohammed Siraj,RCB,2020,17,17.0,121.42,406250,0.08637631999999999
Mujeeb Ur Rahman,KXIP,2018,10,10.0,142.85,625000,0.022856
Mujeeb Ur Rahman,KXIP,2019,0,0.0,0.0,625000,0.0
Mujeeb Ur Rahman,KXIP,2020,1,1.0,33.33,625000,5.3327999999999995e-05
Mustafizur Rahman,MI,2018,1,1.0,33.33,343750,9.696e-05
N Jagadeesan,CSK,2020,33,16.5,113.79,31250,1.9826769600000003
N Pooran,KXIP,2019,168,28.0,157.0,600000,1.23088
N Pooran,KXIP,2020,353,35.3,169.71,600000,3.524565565
N Rana,MI,2016,104,34.66,138.66,16667,29.988563172736537
N Rana,MI,2017,333,30.27,126.13,16667,76.28121727365452
N Rana,KKR,2018,304,23.38,131.03,531250,1.7530321799529411
N Rana,KKR,2019,344,34.4,146.38,531250,3.260616222117647
N Rana,KKR,2020,352,25.14,138.58,531250,2.308391948047059
NA Saini,RCB,2019,2,2.0,50.0,468750,0.00042666666666666667
NA Saini,RCB,2020,27,27.0,100.0,468750,0.15552
NJ Maddinson,RCB,2014,16,8.0,114.28,83000,0.1762390361445783
NJ Maddinson,RCB,2015,4,4.0,57.14,83000,0.011014939759036144
NLTC Perera,SRH,2013,233,23.3,142.94,650000,1.1938568707692307
NLTC Perera,KXIP,2015,12,6.0,80.0,266000,0.021654135338345863
NLTC Perera,RPS,2016,150,21.42,161.29,150000,3.4548318000000005
NM Coulter-Nile,MI,2013,9,9.0,150.0,450000,0.027
NM Coulter-Nile,DC,2014,0,0.0,0.0,708000,0.0
NM Coulter-Nile,DC,2015,20,5.0,111.11,708000,0.015693502824858756
NM Coulter-Nile,DC,2016,9,0.0,64.28,708000,0.0
NM Coulter-Nile,KKR,2017,14,4.66,116.66,522000,0.014580265134099619
NM Coulter-Nile,MI,2020,25,25.0,166.66,1142900,0.09113876979613264
NS Naik,KXIP,2016,23,11.5,74.19,50000,0.3924651
NS Naik,KKR,2019,7,7.0,43.75,28600,0.07495629370629371
NS Naik,KKR,2020,1,1.0,33.33,28600,0.0011653846153846152
NV Ojha,DC,2013,9,9.0,90.0,270000,0.027
NV Ojha,SRH,2014,232,38.66,144.09,83000,15.57060844337349
NV Ojha,SRH,2015,137,13.7,113.22,83000,2.5602725060240963
NV Ojha,SRH,2016,136,13.6,98.55,83000,2.1961214457831324
NV Ojha,SRH,2017,79,19.75,121.53,83000,2.2845443674698793
NV Ojha,DC,2018,1,1.0,25.0,218750,0.00011428571428571428
OA Shah,RR,2013,25,12.5,108.69,200000,0.169828125
P Chopra,RR,2018,8,8.0,133.33,31250,0.27305984
P Dubey,DC,2020,7,0.0,53.84,15000,0.0
P Kumar,KXIP,2013,47,7.83,120.51,800000,0.055436106375
P Kumar,MI,2014,1,1.0,50.0,800000,6.25e-05
P Kumar,SRH,2015,17,5.66,68.0,366667,0.017844420141436234
P Kumar,GL,2016,24,6.0,92.3,525000,0.025316571428571428
P Kumar,GL,2017,8,8.0,88.88,525000,0.010834895238095237
P Negi,CSK,2015,116,14.5,158.9,16000,16.7043625
P Negi,DC,2016,57,28.5,96.61,1275000,0.12309250588235295
P Negi,RCB,2017,144,18.0,129.72,149000,2.2566056375838928
P Negi,RCB,2018,3,1.5,60.0,156250,0.001728
P Negi,RCB,2019,9,2.25,75.0,156250,0.00972
P Ray Barman,RCB,2019,19,19.0,79.16,214300,0.13334932337844144
P Sahu,KXIP,2016,19,19.0,146.15,15000,3.5173433333333333
PA Patel,SRH,2013,294,22.61,115.29,650000,1.1790335824615386
PA Patel,RCB,2014,205,20.5,110.81,233000,1.998622424892704
PA Patel,MI,2015,339,26.07,137.8,233000,5.226777656652361
PA Patel,MI,2016,177,17.7,116.44,233000,1.565643244635193
PA Patel,MI,2017,395,24.68,134.81,233000,5.640380969957082
PA Patel,RCB,2018,153,30.6,140.36,265630,2.4738826487971997
PA Patel,RCB,2019,373,26.64,139.17,265630,5.206088628543462
PJ Cummins,DC,2017,77,15.4,145.28,672000,0.2563586666666667
PJ Cummins,KKR,2020,146,20.85,128.07,2214300,0.17606371629860454
PJ Sangwan,GL,2017,2,1.0,50.0,30000,0.0033333333333333335
PJ Sangwan,MI,2018,0,0.0,0.0,234380,0.0
PK Garg,SRH,2020,133,14.77,119.81,271400,0.8671921963890935
PP Chawla,KXIP,2013,64,10.66,112.28,900000,0.08511323022222222
PP Chawla,KKR,2014,31,10.33,163.15,708000,0.07379311370056497
PP Chawla,KKR,2015,54,13.5,114.89,708000,0.11829775423728814
PP Chawla,KKR,2016,27,9.0,103.84,708000,0.035640000000000005
PP Chawla,KKR,2017,2,2.0,33.33,708000,0.0001883050847457627
PP Chawla,KKR,2018,27,6.75,79.41,656250,0.022053291428571428
PP Chawla,KKR,2019,42,14.0,113.51,656250,0.10170496000000001
PP Ojha,MI,2014,4,4.0,50.0,541000,0.0014787430683918669
PP Shaw,DC,2018,245,27.22,153.12,187500,5.446090496
PP Shaw,DC,2019,353,22.06,133.71,187500,5.5531938016
PP Shaw,DC,2020,228,17.53,136.52,187500,2.9101258496000004
PSP Handscomb,RPS,2016,6,6.0,50.0,45000,0.04
PV Tambe,RR,2014,5,2.5,55.55,16000,0.0433984375
PV Tambe,RR,2015,3,0.0,60.0,16000,0.0
PV Tambe,GL,2016,7,0.0,36.84,30000,0.0
Parvez Rasool,SRH,2014,0,0.0,0.0,158000,0.0
Parvez Rasool,SRH,2015,2,0.0,100.0,158000,0.0
Parvez Rasool,RCB,2016,10,10.0,111.11,158000,0.07032278481012658
Prabhsimran Singh,KXIP,2020,15,7.5,100.0,78600,0.1431297709923664
Q de Kock,DC,2014,153,21.85,117.69,583000,0.6748602993138937
Q de Kock,DC,2015,122,40.66,158.44,583000,1.3481042689536875
Q de Kock,DC,2016,445,37.08,136.08,583000,3.8514608027444255
Q de Kock,RCB,2018,201,25.12,124.07,437500,1.4318727277714285
Q de Kock,MI,2019,529,35.26,132.91,437500,5.6665350660571425
Q de Kock,MI,2020,503,35.92,140.5,437500,5.802332068571429
R Ashwin,CSK,2013,35,8.75,71.42,850000,0.025732205882352942
R Ashwin,CSK,2014,45,15.0,100.0,1250000,0.054
R Ashwin,CSK,2015,52,17.33,162.5,1250000,0.11715079999999997
R Ashwin,RPS,2016,41,20.5,107.89,1250000,0.072545236
R Ashwin,KXIP,2018,102,12.75,143.66,1187500,0.15733038315789472
R Ashwin,KXIP,2019,42,8.4,150.0,1187500,0.04456421052631579
R Ashwin,DC,2020,37,12.33,108.82,1100000,0.04513161109090908
R Bhatia,RR,2014,67,13.4,126.41,283000,0.4010279081272085
R Bhatia,RR,2015,0,0.0,0.0,283000,0.0
R Bhatia,RPS,2016,34,34.0,170.0,90000,2.1835555555555555
R Bhatia,RPS,2017,16,16.0,94.11,90000,0.2676906666666667
R Dhawan,KXIP,2014,82,41.0,109.33,500000,0.73513492
R Dhawan,KXIP,2015,36,18.0,109.09,500000,0.14138064
R Dhawan,KXIP,2016,14,0.0,233.33,500000,0.0
R Dravid,RR,2013,471,29.43,110.82,500000,3.0722695092
R Parag,RR,2019,160,32.0,126.98,28600,22.732083916083916
R Parag,RR,2020,86,12.28,111.68,28600,4.123881622377622
R Rampaul,RCB,2013,38,9.5,102.7,290000,0.1278437931034483
R Rampaul,RCB,2014,13,13.0,100.0,150000,0.11266666666666666
R Sathish,KKR,2016,24,8.0,100.0,30000,0.64
R Sharma,PWI,2013,11,2.75,64.7,60000,0.032619583333333334
R Shukla,DC,2014,18,18.0,85.71,66000,0.42075818181818175
R Tewatia,KXIP,2017,19,19.0,172.72,37000,1.685187027027027
R Tewatia,DC,2018,50,16.66,116.27,468750,0.20661954133333335
R Tewatia,DC,2019,26,26.0,118.18,468750,0.17043131733333336
R Tewatia,RR,2020,255,42.5,139.34,430000,3.511854069767442
R Vinay Kumar,RCB,2013,70,70.0,159.09,1000000,0.779541
R Vinay Kumar,KKR,2014,4,2.0,66.66,466000,0.0011443776824034335
R Vinay Kumar,MI,2015,0,0.0,0.0,466000,0.0
R Vinay Kumar,MI,2016,13,13.0,108.33,466000,0.03928706008583691
R Vinay Kumar,KKR,2018,6,0.0,200.0,156250,0.0
RA Jadeja,CSK,2013,201,25.12,148.88,2000000,0.3758564928
RA Jadeja,CSK,2014,146,29.2,132.72,916667,0.6172491253639544
RA Jadeja,CSK,2015,132,18.85,104.76,916667,0.28436044059620347
RA Jadeja,GL,2016,191,21.22,107.9,916667,0.4770771261537723
RA Jadeja,GL,2017,158,39.5,139.82,916667,0.9519450574745245
RA Jadeja,CSK,2018,89,17.8,120.27,1093750,0.1742004425142857
RA Jadeja,CSK,2019,106,35.33,120.45,1093750,0.4124185974857143
RA Jadeja,CSK,2020,232,46.4,171.85,1093750,1.6913653759999998
RA Tripathi,RPS,2017,391,27.92,146.44,15000,106.57629845333334
RA Tripathi,RR,2018,226,25.11,135.32,531250,1.4455003391999999
RA Tripathi,RR,2019,141,23.5,119.49,531250,0.7452802164705882
RA Tripathi,KKR,2020,230,23.0,127.07,85700,7.843644107351224
RD Chahar,RPS,2017,3,0.0,150.0,15000,0.0
RD Chahar,MI,2019,12,6.0,109.09,296880,0.02645675020210186
RD Chahar,MI,2020,2,0.0,50.0,296880,0.0
RD Gaikwad,CSK,2020,204,51.0,120.71,28600,43.911427972027965
RE van der Merwe,DC,2013,22,11.0,88.0,50000,0.42592
RG More,CSK,2015,2,0.0,100.0,16000,0.0
RG Sharma,MI,2013,538,38.42,131.54,2000000,1.3594632691999997
RG Sharma,MI,2014,390,30.0,129.13,1916667,0.7882542976949047
RG Sharma,MI,2015,482,34.42,144.74,1916667,1.2528521050344168
RG Sharma,MI,2016,489,44.45,132.88,1916667,1.506931733055351
RG Sharma,MI,2017,333,23.78,121.97,1916667,0.50392098251809
RG Sharma,MI,2018,286,23.83,133.02,2343750,0.38680825497599997
RG Sharma,MI,2019,405,28.92,128.57,2343750,0.64251263232
RG Sharma,MI,2020,332,27.66,127.69,2343750,0.500306172928
RK Bhui,SRH,2018,0,0.0,0.0,31250,0.0
RK Bhui,SRH,2019,7,7.0,58.33,31250,0.09146144
RK Singh,KKR,2018,29,7.25,93.54,125000,0.15733428
RK Singh,KKR,2019,37,18.5,108.82,125000,0.59589832
RK Singh,KKR,2020,11,11.0,100.0,125000,0.0968
RN ten Doeschate,KKR,2013,85,28.33,134.92,150000,2.165960706666666
RN ten Doeschate,KKR,2014,52,13.0,157.57,166000,0.6416706024096385
RN ten Doeschate,KKR,2015,61,20.33,135.55,166000,1.0126483222891567
RR Pant,DC,2016,198,24.75,130.26,285000,2.2397864210526315
RR Pant,DC,2017,366,26.14,165.61,285000,5.559405671578948
RR Pant,DC,2018,684,52.61,173.6,2343750,2.66540273664
RR Pant,DC,2019,488,37.53,162.66,2343750,1.271065319424
RR Pant,DC,2020,343,31.18,113.95,2343750,0.5199639991466666
RS Bopara,SRH,2015,145,29.0,120.83,166667,3.048534802930394
RT Ponting,MI,2013,52,10.4,69.33,400000,0.09373416000000001
RV Uthappa,PWI,2013,434,27.12,116.98,2100000,0.6556495040000001
RV Uthappa,KKR,2014,660,44.0,137.78,833000,4.8032787515006
RV Uthappa,KKR,2015,364,30.33,131.4,833000,1.7415027226890756
RV Uthappa,KKR,2016,394,26.26,136.33,833000,1.69331352364946
RV Uthappa,KKR,2017,388,29.84,165.1,833000,2.2947354045618247
RV Uthappa,KKR,2018,351,21.93,132.45,1000000,1.0195246035
RV Uthappa,KKR,2019,282,31.33,115.1,1000000,1.0169154059999999
RV Uthappa,RR,2020,196,16.33,119.51,428600,0.892471457769482
Rashid Khan,SRH,2017,11,5.5,122.22,597000,0.01238577889447236
Rashid Khan,SRH,2018,59,11.8,190.32,1406250,0.09422277973333334
Rashid Khan,SRH,2019,34,6.8,147.82,1406250,0.024302921955555553
Rashid Khan,SRH,2020,35,8.75,116.66,1406250,0.025405955555555554
Rasikh Salam,MI,2019,5,0.0,125.0,28600,0.0
Ravi Bishnoi,KXIP,2020,7,7.0,58.33,285700,0.010004095204760238
S Anirudha,SRH,2014,3,3.0,60.0,33000,0.016363636363636365
S Badree,RCB,2017,13,2.6,56.52,75000,0.025471680000000007
S Badrinath,CSK,2013,124,17.71,102.47,800000,0.2812852735
S Dhawan,SRH,2013,311,38.87,122.92,300000,4.953090081333333
S Dhawan,SRH,2014,377,29.0,118.18,2083333,0.6201898304303729
S Dhawan,SRH,2015,353,27.15,123.42,2083333,0.5677686231629797
S Dhawan,SRH,2016,501,38.53,116.78,2083333,1.0820479651596744
S Dhawan,SRH,2017,479,36.84,127.39,2083333,1.0790256768361084
S Dhawan,SRH,2018,497,38.23,136.91,812500,3.201639928738461
S Dhawan,DC,2019,521,34.73,135.67,812500,3.0213633859692304
S Dhawan,DC,2020,618,44.14,144.73,812500,4.859101784123077
S Dube,RCB,2019,40,13.33,121.21,714300,0.09047903121937562
S Dube,RCB,2020,129,18.42,122.85,714300,0.40867102477950445
S Gopal,MI,2014,11,11.0,110.0,16000,0.831875
S Gopal,MI,2015,1,0.0,100.0,16000,0.0
S Gopal,MI,2016,2,2.0,12.5,16000,0.003125
S Gopal,RR,2018,50,16.66,111.11,31250,2.96174816
S Gopal,RR,2019,63,15.75,136.95,31250,4.3484364
S Gopal,RR,2020,37,9.25,94.87,31250,1.03901624
S Kaul,DC,2014,2,0.0,100.0,75000,0.0
S Kaul,SRH,2017,0,0.0,0.0,16667,0.0
S Kaul,SRH,2018,3,1.0,21.42,593750,0.00010822736842105264
S Kaul,SRH,2019,0,0.0,0.0,593750,0.0
S Kaushik,GL,2016,0,0.0,0.0,15000,0.0
S Lamichhane,DC,2019,0,0.0,0.0,31250,0.0
S Nadeem,DC,2014,7,3.5,36.84,141000,0.006401276595744681
S Nadeem,DC,2015,2,2.0,28.57,141000,0.0008104964539007092
S Nadeem,DC,2016,1,0.0,20.0,141000,0.0
S Nadeem,DC,2017,2,0.66,22.22,141000,0.00020801702127659576
S Nadeem,DC,2018,6,0.0,75.0,500000,0.0
S Nadeem,SRH,2020,7,7.0,87.5,500000,0.008575
SA Abbott,RCB,2015,15,7.5,115.38,166667,0.07788134423731152
SA Yadav,KKR,2014,164,32.8,140.17,116000,6.50002124137931
SA Yadav,KKR,2015,157,17.44,138.93,116000,3.279322882758621
SA Yadav,KKR,2016,182,26.0,127.27,116000,5.191738275862069
SA Yadav,KKR,2017,105,17.5,119.31,116000,1.8899321120689656
SA Yadav,MI,2018,512,36.57,133.33,500000,4.992899174400001
SA Yadav,MI,2019,424,32.61,130.86,500000,3.6187082208000003
SA Yadav,MI,2020,480,40.0,145.01,500000,5.568384
SB Jakati,GL,2016,1,0.0,50.0,30000,0.0
SD Lad,MI,2019,15,15.0,115.38,31250,0.830736
SE Marsh,KXIP,2013,300,37.5,120.48,400000,3.3885
SE Marsh,KXIP,2014,70,35.0,134.61,366000,0.9010778688524592
SE Marsh,KXIP,2015,81,20.25,139.65,366000,0.625849487704918
SE Marsh,KXIP,2016,159,31.8,118.65,366000,1.639120573770492
SE Marsh,KXIP,2017,264,33.0,136.08,366000,3.239150163934427
SE Rutherford,DC,2019,73,14.6,135.18,285700,0.5042871683584179
SK Raina,CSK,2013,548,42.15,150.13,1300000,2.667486743076923
SK Raina,CSK,2014,523,40.23,145.68,1583333,1.9358842689440565
SK Raina,CSK,2015,374,24.93,122.62,1583333,0.7220760310054802
SK Raina,GL,2016,399,28.5,127.88,1583333,0.9184343533546007
SK Raina,GL,2017,442,40.18,143.97,1583333,1.6148490893577032
SK Raina,CSK,2018,445,37.08,132.44,1718750,1.2714702335999999
SK Raina,CSK,2019,383,23.93,121.97,1718750,0.6504018759563637
SL Malinga,MI,2013,9,2.25,50.0,1100000,0.0009204545454545455
SL Malinga,MI,2014,2,2.0,50.0,1350000,0.00014814814814814815
SL Malinga,MI,2015,6,0.0,60.0,1350000,0.0
SL Malinga,MI,2017,7,0.0,233.33,1350000,0.0
SM Curran,KXIP,2019,95,23.75,172.72,1028600,0.37886398988916975
SM Curran,CSK,2020,186,23.25,131.91,785700,0.7260338487972509
SMSM Senanayake,KKR,2013,10,10.0,58.82,625000,0.0094112
SN Khan,RCB,2015,111,27.75,156.33,83333,5.778448903795615
SN Khan,RCB,2016,66,33.0,212.9,83333,5.56437665750663
SN Khan,RCB,2018,51,10.2,124.39,468750,0.13804304639999998
SN Khan,KXIP,2019,180,45.0,125.87,35700,28.55873949579832
SN Khan,KXIP,2020,33,16.5,113.79,35700,1.7355365546218489
SN Thakur,KXIP,2015,7,0.0,116.66,33000,0.0
SN Thakur,RPS,2017,0,0.0,0.0,33000,0.0
SN Thakur,CSK,2018,15,0.0,300.0,406250,0.0
SN Thakur,CSK,2019,14,7.0,200.0,406250,0.04824615384615385
SN Thakur,CSK,2020,12,12.0,57.14,406250,0.020253932307692308
SO Hetmyer,RCB,2019,90,18.0,123.28,600000,0.332856
SO Hetmyer,DC,2020,185,23.12,148.0,1107100,0.5717871917622618
SP Goswami,SRH,2018,52,17.33,130.0,156250,0.74976512
SP Goswami,SRH,2020,0,0.0,0.0,156250,0.0
SP Narine,KKR,2013,21,7.0,110.52,700000,0.0232092
SP Narine,KKR,2014,10,5.0,71.42,700000,0.005101428571428572
SP Narine,KKR,2015,0,0.0,0.0,700000,0.0
SP Narine,KKR,2016,7,7.0,53.84,700000,0.0037688000000000005
SP Narine,KKR,2017,224,17.23,172.3,700000,0.9499932800000002
SP Narine,KKR,2018,357,22.31,189.89,1953130,0.7743525450430846
SP Narine,KKR,2019,143,17.87,166.27,1953130,0.21754210969059923
SP Narine,KKR,2020,121,13.44,142.35,1953130,0.11852527174330434
SPD Smith,RR,2014,147,36.75,133.63,666000,1.0839379391891892
SPD Smith,RR,2015,293,26.63,132.57,666000,1.5531371716216216
SPD Smith,RPS,2016,270,45.0,153.4,666000,2.7985135135135133
SPD Smith,RPS,2017,472,39.33,121.96,666000,3.3994537081081075
SPD Smith,RR,2019,319,39.87,116.0,1953130,0.75537699999488
SPD Smith,RR,2020,311,25.91,131.22,1953130,0.5413731150512255
SR Tendulkar,MI,2013,287,22.07,124.24,1800000,0.4371929675555556
SR Watson,RR,2013,543,38.78,142.89,1300000,2.314547608153846
SR Watson,RR,2014,240,20.0,122.44,1300000,0.45208615384615386
SR Watson,RR,2015,347,43.37,135.01,1300000,1.5629370337692305
SR Watson,RCB,2016,179,13.76,133.58,1425000,0.23088623382456144
SR Watson,RCB,2017,71,11.83,91.02,1425000,0.05364942357894737
SR Watson,CSK,2018,555,39.64,154.59,625000,5.4416174688000005
SR Watson,CSK,2019,398,23.41,127.56,625000,1.90159916928
SR Watson,CSK,2020,299,29.9,121.05,625000,1.731518568
SS Cottrell,KXIP,2020,0,0.0,0.0,1214300,0.0
SS Iyer,DC,2015,439,33.76,128.36,433333,4.390104954849965
SS Iyer,DC,2016,30,5.0,69.76,433333,0.024147710882854525
SS Iyer,DC,2017,338,33.8,139.09,433333,3.66697158074737
SS Iyer,DC,2018,411,37.36,132.58,1093750,1.8612668313600003
SS Iyer,DC,2019,463,30.86,119.94,1093750,1.5668336541257144
SS Iyer,DC,2020,519,34.6,123.27,1093750,2.0238708096000004
SS Tiwary,RCB,2013,109,27.25,102.83,1600000,0.1908942546875
SS Tiwary,DC,2015,109,0.0,139.74,116000,0.0
SS Tiwary,RPS,2016,170,24.28,120.56,116000,4.289857379310345
SS Tiwary,MI,2017,52,52.0,120.93,45000,7.266549333333334
SS Tiwary,MI,2020,103,20.6,128.75,71400,3.826074929971989
STR Binny,RCB,2016,63,15.75,161.53,300000,0.534260475
STR Binny,RCB,2017,78,15.6,102.63,300000,0.41626727999999996
STR Binny,RR,2018,44,8.8,112.82,78130,0.5591181876359913
STR Binny,RR,2019,70,23.33,175.0,78130,3.657909893766799
SV Samson,DC,2016,291,26.45,112.35,630000,1.37262275
SV Samson,DC,2017,386,27.57,141.39,630000,2.3883733457142857
SV Samson,RR,2018,441,31.5,137.81,1250000,1.531510092
SV Samson,RR,2019,342,34.2,148.69,1250000,1.3913101728000001
SV Samson,RR,2020,375,28.84,158.89,1250000,1.37471628
SW Billings,DC,2016,88,22.0,137.5,45000,5.915555555555556
SW Billings,DC,2017,138,23.0,132.69,45000,9.359068
SW Billings,CSK,2018,108,13.5,138.46,156250,1.2919979520000002
SW Billings,CSK,2019,0,0.0,0.0,156250,0.0
Sachin Baby,RCB,2016,119,29.75,150.63,15000,35.551190500000004
Sachin Baby,RCB,2017,15,5.0,100.0,15000,0.5
Sandeep Sharma,KXIP,2014,2,0.0,40.0,141000,0.0
Sandeep Sharma,KXIP,2015,9,9.0,64.28,141000,0.0369268085106383
Sandeep Sharma,KXIP,2016,8,0.0,88.88,141000,0.0
Sandeep Sharma,KXIP,2017,7,0.0,116.66,141000,0.0
Sandeep Sharma,SRH,2018,0,0.0,0.0,468750,0.0
Sandeep Sharma,SRH,2019,6,0.0,200.0,468750,0.0
Sandeep Sharma,SRH,2020,12,6.0,80.0,468750,0.012288
Shahbaz Ahmed,RCB,2020,1,0.0,100.0,28600,0.0
Shakib Al Hasan,KKR,2014,227,32.42,149.34,466000,2.3584631665236055
Shakib Al Hasan,KKR,2015,36,12.0,133.33,466000,0.12360206008583692
Shakib Al Hasan,KKR,2016,114,22.8,107.54,466000,0.5998239656652362
Shakib Al Hasan,KKR,2017,1,0.0,100.0,466000,0.0
Shakib Al Hasan,SRH,2018,239,21.72,121.31,312500,2.01513572736
Shakib Al Hasan,SRH,2019,9,9.0,90.0,312500,0.023328
Shivam Mavi,KKR,2018,13,4.33,86.66,468750,0.010406594986666665
Shivam Mavi,KKR,2020,10,5.0,71.42,468750,0.007618133333333333
Shivam Sharma,KXIP,2014,5,5.0,166.66,16000,0.26040625
Shubman Gill,KKR,2018,203,33.83,146.04,281250,3.565967074133333
Shubman Gill,KKR,2019,296,32.88,124.36,281250,4.303399867733334
Shubman Gill,KKR,2020,440,33.84,117.96,281250,6.244896768000001
Swapnil Singh,KXIP,2016,0,0.0,0.0,15000,0.0
Swapnil Singh,KXIP,2017,12,6.0,63.15,15000,0.30312
T Banton,KKR,2020,18,9.0,90.0,142900,0.1020293911826452
T Natarajan,SRH,2020,3,0.0,60.0,62500,0.0
TA Boult,KKR,2017,5,0.0,62.5,746000,0.0
TA Boult,DC,2018,0,0.0,0.0,343750,0.0
TA Boult,DC,2019,7,7.0,175.0,343750,0.024945454545454545
TA Boult,MI,2020,0,0.0,0.0,460000,0.0
TG Southee,RR,2014,4,4.0,100.0,200000,0.008
TG Southee,RR,2015,13,13.0,144.44,200000,0.1220518
TG Southee,MI,2016,30,10.0,157.89,375000,0.12631199999999998
TG Southee,MI,2017,7,7.0,233.33,375000,0.030488453333333332
TG Southee,RCB,2018,52,26.0,113.04,156250,0.9781125120000002
TG Southee,RCB,2019,9,0.0,100.0,156250,0.0
TK Curran,RR,2020,83,83.0,133.87,142900,6.453676906927922
TM Dilshan,RCB,2013,76,15.2,81.72,650000,0.14523529846153846
TM Head,RCB,2016,54,27.0,135.0,75000,2.6244
TM Head,RCB,2017,151,30.2,139.81,75000,8.500820826666667
TS Mills,RCB,2017,8,2.66,72.72,1791000,0.0008640321608040201
TU Deshpande,DC,2020,21,21.0,175.0,28600,2.6984265734265733
UBT Chand,RR,2014,2,2.0,22.22,108000,0.000822962962962963
UBT Chand,MI,2015,102,20.4,122.89,108000,2.3676806666666663
UBT Chand,MI,2016,0,0.0,0.0,108000,0.0
UT Yadav,KKR,2014,2,2.0,50.0,433000,0.00046189376443418013
UT Yadav,KKR,2015,29,29.0,207.14,433000,0.402320415704388
UT Yadav,KKR,2016,9,9.0,180.0,433000,0.03367205542725173
UT Yadav,KKR,2017,10,0.0,76.92,433000,0.0
UT Yadav,RCB,2018,3,0.75,27.27,656250,9.349714285714287e-05
UT Yadav,RCB,2019,25,12.5,100.0,656250,0.047619047619047616
UT Yadav,RCB,2020,0,0.0,0.0,656250,0.0
V Kohli,RCB,2013,634,45.28,138.73,1800000,2.2125523608888886
V Kohli,RCB,2014,359,27.61,122.1,2500000,0.48410159159999994
V Kohli,RCB,2015,505,45.9,130.82,2500000,1.2129368759999999
V Kohli,RCB,2016,973,81.08,152.03,2500000,4.79750976208
V Kohli,RCB,2017,308,30.8,122.22,2500000,0.46377112319999997
V Kohli,RCB,2018,530,48.18,139.1,2656250,1.337213793882353
V Kohli,RCB,2019,464,33.14,141.46,2656250,0.8189081455435295
V Kohli,RCB,2020,466,42.36,121.35,2656250,0.9018051297882351
V Sehwag,DC,2013,295,24.58,126.6,1800000,0.5099940333333333
V Sehwag,KXIP,2014,455,26.76,144.44,533000,3.2995732682926833
V Sehwag,KXIP,2015,99,12.37,117.85,533000,0.2707741941838649
V Shankar,SRH,2017,101,50.5,134.66,52500,13.082539619047619
V Shankar,DC,2018,212,53.0,143.24,500000,3.2188892800000004
V Shankar,SRH,2019,244,20.33,126.42,500000,1.2542178768
V Shankar,SRH,2020,97,24.25,101.04,500000,0.4753426800000001
VH Zol,RCB,2014,29,14.5,111.53,50000,0.9379673
VR Aaron,RCB,2014,35,0.0,102.94,333000,0.0
VR Aaron,RCB,2015,6,6.0,200.0,333000,0.021621621621621623
VR Aaron,RCB,2016,0,0.0,0.0,333000,0.0
VR Aaron,KXIP,2017,4,4.0,40.0,418000,0.0015311004784688996
VR Aaron,RR,2019,3,0.0,42.85,342900,0.0
VR Aaron,RR,2020,1,1.0,10.0,342900,2.916302128900554e-05
VS Malik,RR,2014,1,0.0,50.0,33000,0.0
WD Parnell,PWI,2013,5,5.0,71.42,160000,0.011159375
WD Parnell,DC,2014,2,2.0,100.0,166000,0.0024096385542168677
WP Saha,CSK,2013,70,23.33,125.0,100000,2.041375
WP Saha,KXIP,2014,362,32.9,145.38,366000,4.730728754098361
WP Saha,KXIP,2015,249,19.15,126.39,366000,1.6466441434426227
WP Saha,KXIP,2016,270,24.54,127.35,366000,2.3054525409836066
WP Saha,KXIP,2017,234,23.4,125.13,366000,1.872026852459016
WP Saha,SRH,2018,122,15.25,119.6,781250,0.284820224
WP Saha,SRH,2019,86,17.2,162.26,171400,1.4003208401400233
WP Saha,SRH,2020,214,71.33,139.86,171400,12.455716179696617
Washington Sundar,RCB,2018,65,21.66,171.05,500000,0.4816425900000001
Washington Sundar,RCB,2019,1,0.5,33.33,500000,3.333e-05
Washington Sundar,RCB,2020,111,18.5,116.84,500000,0.47986188
Y Prithvi Raj,KKR,2019,0,0.0,0.0,28600,0.0
Y Venugopal Rao,SRH,2014,71,23.66,112.69,700000,0.27043346199999996
YBK Jaiswal,RR,2020,40,13.33,90.9,342900,0.14134698162729661
YK Pathan,KKR,2013,332,30.18,138.33,2100000,0.6600159051428572
YK Pathan,KKR,2014,268,29.77,162.42,541000,2.39527769168207
YK Pathan,KKR,2015,312,44.57,135.06,541000,3.4715762484288355
YK Pathan,KKR,2016,361,72.2,145.56,541000,7.0127633123844735
YK Pathan,KKR,2017,143,17.87,124.34,541000,0.5873191855822552
YK Pathan,SRH,2018,260,28.88,130.0,296880,3.288008623012665
YK Pathan,SRH,2019,40,13.33,88.88,296880,0.1596295338183778
YS Chahal,RCB,2014,1,0.0,100.0,16000,0.0
YS Chahal,RCB,2015,1,0.0,100.0,16000,0.0
YS Chahal,RCB,2017,13,4.33,50.0,16000,0.17590625
YS Chahal,RCB,2018,0,0.0,0.0,937500,0.0
YS Chahal,RCB,2019,6,3.0,37.5,937500,0.00072
YS Chahal,RCB,2020,1,1.0,33.33,937500,3.5552e-05
YV Takawale,RCB,2014,104,20.8,114.28,16000,15.450656000000002
Yuvraj Singh,PWI,2013,238,19.83,125.26,1800000,0.3284275446666666
Yuvraj Singh,RCB,2014,376,34.18,135.25,2333000,0.7450448864123446
Yuvraj Singh,DC,2015,248,19.07,118.09,2666667,0.2094337697207788
Yuvraj Singh,SRH,2016,236,26.22,131.84,1050000,0.7769670217142858
Yuvraj Singh,SRH,2017,252,28.0,142.37,1050000,0.9567264000000001
Yuvraj Singh,KXIP,2018,65,10.83,89.04,312500,0.20057506560000002
Yuvraj Singh,MI,2019,98,24.5,130.66,142900,2.1953440167949614
Z Khan,MI,2014,8,8.0,114.28,433000,0.016891270207852194
Z Khan,DC,2016,6,3.0,46.15,666667,0.0012460493769753114
Z Khan,DC,2017,4,4.0,30.76,666667,0.0007382396308801846
