Player Name,Team,Year,Wickets,Bowling Average,Economy,Salary ($),Value for Money
A Ashish Reddy,SRH,2015,3,16.66,8.33,33000,2.4261829824390992
A Ashish Reddy,SRH,2016,1,39.0,10.17,33000,0.28296761608244186
A Choudhary,RCB,2017,5,28.8,8.55,299000,0.2515222731625252
A Mishra,SRH,2013,21,18.76,6.35,300000,2.1763448723138468
A Mishra,SRH,2014,7,48.57,9.06,791000,0.0744837427031858
A Mishra,DC,2015,9,34.44,7.71,583333,0.21520119501777196
A Mishra,DC,2016,13,26.46,7.47,15000,16.239695710075765
A Mishra,DC,2017,10,34.3,8.83,15000,8.152487717360101
A Mishra,DC,2018,12,22.0,7.13,625000,0.45334126680550246
A Mishra,DC,2019,11,24.54,6.75,625000,0.39352340961203297
A Mishra,DC,2020,3,24.0,7.2,625000,0.10288065843621402
A Mithun,RCB,2013,1,37.0,9.25,260000,0.04162166324328487
A Nehra,CSK,2014,8,17.75,9.46,333000,0.5298982625473875
A Nehra,CSK,2015,22,20.4,7.24,333000,1.6567079242364218
A Nehra,SRH,2016,9,22.11,7.65,825000,0.23887715554160516
A Nehra,SRH,2017,8,24.62,9.3,825000,0.15685605103539063
A Nortje,DC,2020,22,23.27,8.39,28600,14.592662541061221
A Zampa,RPS,2016,12,9.58,6.76,45000,15.250804823097528
A Zampa,RPS,2017,7,23.28,8.21,45000,3.0143635456446045
A Zampa,RCB,2020,2,46.0,8.36,45000,0.4280451776002247
AB Dinda,PWI,2013,16,29.06,9.48,375000,0.5736156655298681
AB Dinda,RCB,2014,5,54.0,8.7,250000,0.15767150718193723
AB Dinda,RPS,2016,11,21.0,7.57,75000,3.417059046003711
AB Dinda,RPS,2017,1,119.0,11.9,75000,0.03487233673425798
AB McDonald,RCB,2013,1,17.0,8.5,100000,0.2563116749967962
AC Gilchrist,KXIP,2013,1,0.0,0.0,900000,0.0
AD Mathews,PWI,2013,5,48.0,7.74,950000,0.05246871605274072
AD Mathews,DC,2015,7,35.14,8.2,1250000,0.07197947145474112
AD Russell,KKR,2014,1,52.0,10.4,100000,0.06848564540872235
AD Russell,KKR,2015,14,23.14,7.96,100000,2.8150612533199633
AD Russell,KKR,2016,15,19.4,7.97,100000,3.5930846056445938
AD Russell,KKR,2018,13,27.3,9.38,1328130,0.14157074451611626
AD Russell,KKR,2019,11,26.09,9.51,1328130,0.12363280942601035
AD Russell,KKR,2020,6,29.16,9.72,1328130,0.05903276358360129
AF Milne,RCB,2016,1,43.0,10.75,116667,0.06867699522626945
AF Milne,RCB,2017,3,44.66,9.57,116667,0.22283263896597386
AJ Finch,PWI,2013,1,49.0,12.25,300000,0.02056756186979706
AJ Tye,GL,2017,12,11.75,6.71,75000,7.516156801123667
AJ Tye,KXIP,2018,24,18.66,8.0,1125000,0.5292895610866316
AJ Tye,KXIP,2019,3,77.66,10.59,1125000,0.012009132092307823
AJ Tye,RR,2020,1,50.0,12.5,142900,0.04146904076925072
AM Nayar,PWI,2013,2,29.5,7.37,675000,0.05047460800709623
AN Ahmed,RCB,2014,3,37.66,7.88,50000,0.7488260653773081
AN Ahmed,RCB,2015,1,128.0,10.66,50000,0.05428740184837747
AR Patel,KXIP,2014,17,23.82,6.13,125000,3.449633149270041
AR Patel,KXIP,2015,13,30.15,8.4,125000,1.5209080991281103
AR Patel,KXIP,2016,13,29.84,8.11,125000,1.5916585339037352
AR Patel,KXIP,2017,15,24.13,7.54,125000,2.442805077956628
AR Patel,KXIP,2018,3,72.66,8.38,1953130,0.009343012450460111
AR Patel,DC,2019,10,36.4,7.13,714300,0.19978582539168638
AR Patel,DC,2020,9,36.33,6.41,714300,0.20038936440232016
AS Rajpoot,KKR,2016,3,32.66,8.9,225000,0.16989037908234908
AS Rajpoot,KKR,2017,4,26.75,7.64,225000,0.3221785066261045
AS Rajpoot,KXIP,2018,11,20.27,8.52,468750,0.5032621826406517
AS Rajpoot,KXIP,2019,3,50.66,9.5,468750,0.049252402401362465
AS Rajpoot,RR,2020,2,99.5,11.7,430000,0.014797516518005272
AS Roy,MI,2019,1,11.0,5.5,31250,1.9589837771655958
Abdul Samad,SRH,2020,1,96.0,13.71,28600,0.09839239112275827
Abhishek Sharma,SRH,2019,1,21.0,10.5,85940,0.19544847793422848
Abhishek Sharma,SRH,2020,2,45.5,9.1,85940,0.20816997649799482
Ankit Sharma,RPS,2016,1,84.0,7.63,15000,0.38524867416668795
Anureet Singh,KXIP,2015,15,31.0,9.0,33000,6.034056213267685
Anureet Singh,RR,2018,1,42.0,10.5,46880,0.17914720769696668
Arshdeep Singh,KXIP,2019,3,36.33,10.9,28600,0.98106901946325
Arshdeep Singh,KXIP,2020,9,24.22,8.77,28600,5.487050787305862
Avesh Khan,DC,2018,4,51.0,10.73,109380,0.24750752653341113
Azhar Mahmood,KXIP,2013,15,22.0,7.52,200000,1.6790242854072648
B Kumar,PWI,2013,13,28.53,6.5,60000,4.327262184488497
B Kumar,SRH,2014,20,17.7,6.65,708000,0.8888696181955665
B Kumar,SRH,2015,18,22.61,7.87,708000,0.5291760601635166
B Kumar,SRH,2016,23,21.3,7.42,708000,0.7612850573324573
B Kumar,SRH,2017,26,14.19,7.05,708000,1.3595801451688776
B Kumar,SRH,2018,9,39.33,7.66,1328130,0.08330775718250048
B Kumar,SRH,2019,13,35.46,7.81,1328130,0.1309028904589614
B Kumar,SRH,2020,3,33.0,6.98,1328130,0.036320142295890305
B Laughlin,RR,2018,9,23.44,10.12,78130,1.7985511816711193
B Lee,KKR,2013,4,21.5,7.16,400000,0.2405939784139083
B Stanlake,RCB,2017,2,35.0,8.75,45000,0.537498950197363
B Stanlake,SRH,2018,5,26.0,8.12,78130,1.1226878914243479
BA Stokes,RPS,2017,12,26.33,7.18,2164000,0.10863879056008252
BA Stokes,RR,2018,8,37.87,8.18,1953130,0.04897184465941471
BA Stokes,RR,2019,6,31.5,11.22,1953130,0.032192368080641805
BA Stokes,RR,2020,2,77.0,10.26,1953130,0.0048006162927272875
BAW Mendis,PWI,2013,2,39.0,6.5,725000,0.04030419591869637
BB Sran,SRH,2016,14,29.5,8.34,180000,1.1708565769272008
BB Sran,KXIP,2018,4,57.25,10.4,180000,0.13823400528883306
BCJ Cutting,RR,2014,1,31.0,7.75,133000,0.11591007812049495
BCJ Cutting,SRH,2016,5,16.0,7.16,75000,2.155321056624595
BCJ Cutting,SRH,2017,1,123.0,9.71,75000,0.041347630930632845
BCJ Cutting,MI,2018,2,84.0,9.88,343750,0.025964938245640005
BCJ Cutting,MI,2019,1,27.0,13.5,343750,0.029559425992896512
BE Hendricks,KXIP,2014,4,31.5,10.5,300000,0.14930526394371196
BE Hendricks,KXIP,2015,5,21.8,8.38,300000,0.33789710681684443
BMAJ Mendis,DC,2013,1,36.0,7.2,725000,0.01970893839774215
BW Hilfenhaus,CSK,2014,8,30.75,8.78,166000,0.6611172648732525
Basil Thampi,SRH,2018,5,22.8,11.21,148440,0.48810677402189206
Basil Thampi,SRH,2020,1,46.0,11.5,148440,0.047166062063783494
C de Grandhomme,RCB,2018,2,64.5,8.6,343750,0.038847704252427534
CH Gayle,RCB,2013,3,13.33,10.0,2000000,0.041677085938151205
CH Gayle,RCB,2016,2,31.5,6.3,1400000,0.026661654275662854
CH Morris,CSK,2013,15,26.73,8.02,625000,0.41464282097267546
CH Morris,RR,2015,13,23.92,7.4,233333,1.165763700703968
CH Morris,DC,2016,13,23.69,7.0,1050000,0.2765204075783183
CH Morris,DC,2017,12,20.0,7.74,1050000,0.2734369659434259
CH Morris,DC,2018,3,47.66,10.21,1718750,0.013285105246077577
CH Morris,DC,2019,13,23.53,9.27,1718750,0.12842962535131774
CH Morris,RCB,2020,11,19.09,6.63,1718750,0.1872823080929163
CJ Anderson,MI,2014,4,46.0,10.22,750000,0.04201711567206901
CJ Anderson,MI,2015,1,33.0,8.25,750000,0.01813873867745922
CJ Anderson,DC,2017,3,62.0,9.87,150000,0.12104793619321191
CJ Anderson,RCB,2018,3,38.33,13.26,150000,0.14574171917777248
CJ Jordan,SRH,2017,1,9.0,9.0,75000,0.6096631611034905
CJ Jordan,KXIP,2020,9,33.77,9.65,428600,0.23865371796793167
CL White,SRH,2013,1,16.0,8.0,1100000,0.02630471380471381
CR Brathwaite,DC,2016,7,27.0,8.15,630000,0.18701323960229768
CR Brathwaite,DC,2017,1,67.0,11.16,630000,0.007862428138586178
CR Brathwaite,SRH,2018,5,18.8,9.24,312500,0.3411350929081426
CR Woakes,KKR,2017,17,22.7,8.77,627000,0.5044198467192056
CR Woakes,RCB,2018,8,23.75,10.36,1156250,0.1041480415591369
CV Varun,KXIP,2019,1,35.0,11.66,1200000,0.007562900644661651
CV Varun,KKR,2020,17,20.94,6.84,1200000,0.36632885801865783
D Wiese,RCB,2015,16,22.06,8.33,466667,0.6910327301251088
DJ Bravo,CSK,2013,32,15.53,7.95,200000,4.799739134178058
DJ Bravo,CSK,2015,26,16.38,8.14,666667,1.0833338750008128
DJ Bravo,GL,2016,17,29.05,8.82,666667,0.36860521667718826
DJ Bravo,CSK,2018,14,38.07,9.96,1000000,0.1367483378532566
DJ Bravo,CSK,2019,11,30.0,8.01,1000000,0.16954115996979088
DJ Bravo,CSK,2020,6,30.0,8.57,1000000,0.08643415877954969
DJ Hooda,RR,2015,1,129.0,8.5,66000,0.05117804175411715
DJ Hooda,SRH,2016,3,32.33,7.46,630000,0.07312609949569568
DJ Hooda,SRH,2017,2,21.0,10.5,630000,0.0533233085513257
DJ Hooda,SRH,2019,1,21.0,10.5,562500,0.02986105278874239
DJ Hussey,CSK,2014,2,19.0,13.41,1400000,0.020766141885495082
DJ Muthuswami,DC,2015,4,25.25,7.21,125000,0.6510128590297773
DJG Sammy,SRH,2013,8,21.0,7.52,425000,0.4414689437634788
DJG Sammy,SRH,2014,3,52.33,11.21,583000,0.03248871904580596
DJM Short,RR,2018,1,19.0,6.33,625000,0.049271854377034394
DL Chahar,RPS,2017,1,74.0,10.57,15000,0.3156736048568278
DL Chahar,CSK,2018,10,27.8,7.28,125000,1.4640302410086588
DL Chahar,CSK,2019,22,21.9,7.47,125000,3.984595012328475
DL Chahar,CSK,2020,12,33.0,7.61,125000,1.4158227036019415
DR Smith,MI,2013,2,29.5,11.8,100000,0.21279538659601863
DR Smith,CSK,2014,4,23.75,9.5,750000,0.08754830546150955
DR Smith,CSK,2015,1,17.0,8.5,750000,0.03417488999957282
DR Smith,GL,2016,8,19.12,8.5,345000,0.5284456339755665
DR Smith,GL,2017,2,74.0,11.38,345000,0.02549606482262299
DS Kulkarni,RR,2014,6,36.83,8.18,183000,0.4030708340048948
DS Kulkarni,RR,2015,13,21.3,7.91,183000,1.561609389014525
DS Kulkarni,GL,2016,18,20.22,7.42,300000,1.481161550586555
DS Kulkarni,GL,2017,3,57.66,9.18,300000,0.0699711346678732
DS Kulkarni,RR,2018,4,47.0,9.47,117190,0.2840258289092567
DS Kulkarni,RR,2019,6,55.83,9.57,117190,0.35490928908464586
DT Christian,RPS,2017,11,27.09,7.45,149000,1.3548068219349063
DT Christian,DC,2018,4,25.25,8.53,234380,0.2934710484584891
DW Steyn,SRH,2013,19,20.21,5.66,1200000,0.512655765597638
DW Steyn,SRH,2014,11,39.18,7.69,1200000,0.11268261149385093
DW Steyn,SRH,2015,3,56.66,8.94,1200000,0.018279409222362642
DW Steyn,RCB,2019,4,17.25,8.62,345000,0.28878907977305596
DW Steyn,RCB,2020,1,133.0,11.4,285700,0.00855006670856097
GB Hogg,KKR,2015,9,16.0,6.85,83333,3.6496496350948906
GB Hogg,KKR,2016,4,35.5,8.87,83333,0.5645822725494496
GC Viljoen,KXIP,2019,7,31.71,9.65,107100,0.7910815388060978
GJ Maxwell,KXIP,2014,1,132.0,12.0,1000000,0.0023381967826412277
GJ Maxwell,KXIP,2015,2,48.5,9.7,1000000,0.0157453659419862
GJ Maxwell,KXIP,2017,7,17.85,6.57,1000000,0.22107044520271607
GJ Maxwell,DC,2018,5,26.4,8.25,1406250,0.0604624622581974
GJ Maxwell,KXIP,2020,3,56.33,8.04,1535700,0.015975531147601144
GS Sandhu,DC,2015,1,82.0,10.25,283333,0.015552541110714094
Gurkeerat Singh,KXIP,2015,3,22.0,7.33,216000,0.318990011274383
Gurkeerat Singh,KXIP,2016,2,15.5,7.75,216000,0.28548222944492274
HF Gurney,KKR,2019,7,34.0,8.81,107100,0.8081462826232694
HH Pandya,MI,2015,1,176.0,10.35,16667,0.12199043580734792
HH Pandya,MI,2016,3,51.0,9.18,16667,1.4239252714767712
HH Pandya,MI,2017,6,35.5,8.19,16667,4.585828362310581
HH Pandya,MI,2018,18,21.16,8.92,1718750,0.2055017440676142
HH Pandya,MI,2019,14,27.85,9.17,1718750,0.11812913535610098
HV Patel,RCB,2014,4,28.25,10.27,66000,0.7736836085292083
HV Patel,RCB,2015,17,19.29,7.48,66000,6.611612562254284
HV Patel,RCB,2016,1,147.0,10.5,66000,0.036356801284994786
HV Patel,RCB,2017,3,14.33,10.75,66000,1.0928458322930807
HV Patel,DC,2018,7,23.85,9.54,31250,3.6462588488923595
HV Patel,DC,2019,2,38.5,9.62,31250,0.6400006400006402
HV Patel,DC,2020,3,44.66,8.93,31250,0.8915327291973237
Harbhajan Singh,MI,2013,24,19.0,6.51,1300000,0.5528019110362066
Harbhajan Singh,MI,2014,14,25.42,6.47,1333333,0.23645353797234922
Harbhajan Singh,MI,2015,18,24.77,7.82,1333333,0.2581293294731124
Harbhajan Singh,MI,2016,9,43.55,8.0,1333333,0.07175661954650278
Harbhajan Singh,MI,2017,8,33.25,6.48,1333333,0.10313853048259154
Harbhajan Singh,CSK,2018,7,38.57,8.48,312500,0.2536522757048046
Harbhajan Singh,CSK,2019,16,19.5,7.09,312500,1.3715932850864685
I Sharma,SRH,2013,15,31.06,7.81,450000,0.5089352074892709
I Sharma,SRH,2014,3,33.66,9.18,433000,0.083044868429223
I Sharma,SRH,2015,1,159.0,11.35,433000,0.0047397491093910706
I Sharma,RPS,2016,3,49.33,9.86,570000,0.040076944623706624
I Sharma,DC,2019,13,26.84,7.58,157100,1.5064394697747159
I Udana,RCB,2020,8,35.25,9.72,71400,1.2111630830273763
IC Pandey,CSK,2014,6,53.0,7.57,250000,0.22155202733952023
IC Pandey,CSK,2015,11,20.27,7.19,250000,1.118165976033993
IK Pathan,DC,2013,10,38.2,7.44,1900000,0.06858771529272305
IK Pathan,SRH,2014,4,51.25,8.66,400000,0.0834496412708546
IS Sodhi,RR,2018,5,27.0,5.86,69573,1.6823026513448927
IS Sodhi,RR,2019,4,16.75,9.34,69573,1.3611118309733843
Imran Tahir,CSK,2018,6,31.33,9.09,156250,0.49939384121765024
Imran Tahir,CSK,2019,26,16.57,6.69,156250,5.559566528883636
Imran Tahir,CSK,2020,1,76.0,6.9,156250,0.045201570754583725
Iqbal Abdulla,RCB,2015,4,37.5,7.89,108000,0.4636221757440992
Iqbal Abdulla,RCB,2016,6,35.5,8.52,15000,4.898107126500965
Iqbal Abdulla,RCB,2017,2,27.5,11.0,15000,1.63248648097133
J Botha,DC,2013,5,21.8,6.54,950000,0.13672514510502926
J Botha,KKR,2015,1,81.0,8.1,950000,0.005942136073133436
J Suchith,MI,2015,10,33.7,8.64,16667,7.631943684287591
J Suchith,DC,2019,2,14.0,7.0,16667,4.535056691156427
J Theron,RR,2015,1,40.0,10.0,50000,0.18518518518518523
J Yadav,DC,2015,2,14.5,4.14,16000,7.712193286073017
J Yadav,DC,2016,2,62.5,7.35,16000,1.0078105316200556
J Yadav,MI,2019,1,50.0,7.14,78130,0.13278536002101304
J Yadav,MI,2020,1,43.0,6.14,78130,0.17954841878456806
JA Morkel,CSK,2013,7,22.71,6.62,500000,0.34489678643404664
JA Morkel,RCB,2014,4,31.5,7.87,400000,0.14940012116349832
JA Morkel,DC,2015,3,36.33,9.08,50000,0.6736529870649197
JA Morkel,RPS,2016,2,33.0,13.2,50000,0.3401013502023604
JC Archer,RR,2018,15,21.66,8.36,1125000,0.27271576412202686
JC Archer,RR,2019,11,26.45,6.76,1125000,0.20253683834379557
JC Archer,RR,2020,20,18.25,6.55,1125000,0.5508197962913476
JD Unadkat,RCB,2013,13,28.46,7.55,525000,0.4268137847818249
JD Unadkat,DC,2014,9,30.0,8.66,466000,0.275330093248796
JD Unadkat,RPS,2017,24,13.41,7.02,45000,20.98307214260852
JD Unadkat,RR,2018,11,44.18,9.65,1796880,0.05318103941315809
JD Unadkat,RR,2019,10,39.8,10.66,1200000,0.07274693715025458
JD Unadkat,RR,2020,4,57.0,9.91,428600,0.061192127146854694
JDS Neesham,DC,2014,1,91.0,10.11,166000,0.02425133215356423
JDS Neesham,KXIP,2020,2,74.0,9.86,71400,0.14218683430790183
JH Kallis,KKR,2013,16,24.62,7.43,1100000,0.29450093027506047
JH Kallis,KKR,2014,4,46.5,8.45,916000,0.041161490408585535
JJ Bumrah,MI,2014,5,60.2,7.58,200000,0.20291331575617028
JJ Bumrah,MI,2015,3,61.33,12.26,200000,0.0738863239990376
JJ Bumrah,MI,2016,15,27.06,7.8,200000,1.3160582266273329
JJ Bumrah,MI,2017,20,22.0,7.41,200000,2.2719320964935004
JJ Bumrah,MI,2018,17,21.88,6.88,1093750,0.3824118445095446
JJ Bumrah,MI,2019,19,21.52,6.63,1093750,0.4509371081278656
JJ Bumrah,MI,2020,27,14.96,6.73,1093750,0.9081033467013715
JL Pattinson,MI,2020,11,29.09,9.01,100000,1.5543914859025953
JO Holder,CSK,2013,2,84.0,8.4,20000,0.5249013185521123
JO Holder,SRH,2014,1,35.0,11.66,125000,0.07260384618875186
JO Holder,KKR,2016,2,51.5,7.92,105000,0.17295954009366454
JO Holder,SRH,2020,14,16.64,8.32,105000,3.5669606983709548
JP Behrendorff,MI,2019,5,33.0,8.68,234380,0.2758366852334282
JP Duminy,DC,2014,3,80.0,7.27,366000,0.05219777695931665
JP Duminy,DC,2015,8,15.75,7.41,366000,0.6936595524032546
JP Duminy,DC,2016,2,27.5,7.85,366000,0.09375248663821985
JP Faulkner,RR,2013,28,15.25,6.75,400000,2.518608468820977
JP Faulkner,RR,2014,11,38.09,9.74,850000,0.12919332205308853
JP Faulkner,RR,2015,8,53.25,9.46,850000,0.06919847899148235
JP Faulkner,GL,2016,2,83.5,9.82,850000,0.010627946083260446
JP Faulkner,GL,2017,6,43.0,9.79,850000,0.062103691117355656
JR Hazlewood,CSK,2020,1,64.0,6.4,285700,0.03164944126835972
JW Hastings,CSK,2014,1,29.0,9.66,83000,0.15928798525452012
JW Hastings,KKR,2016,2,18.5,5.55,195000,0.36997033994031
K Gowtham,RR,2018,11,28.36,7.8,968750,0.1901149966727716
K Gowtham,RR,2019,1,166.0,8.3,968750,0.002774842514680218
K Gowtham,KXIP,2020,1,84.0,10.5,900000,0.004665789498240999
K Khejroliya,RCB,2018,2,53.5,9.87,15000,0.9351990085955312
K Khejroliya,RCB,2019,1,46.0,9.2,15000,0.583444187729002
K Rabada,DC,2017,6,31.33,8.81,746000,0.10792258904919219
K Rabada,DC,2019,25,14.72,7.82,656250,1.2257230834642896
K Rabada,DC,2020,30,18.26,8.34,656250,1.1117863823651002
K Santokie,MI,2014,3,30.0,11.25,50000,0.6584362139917695
KA Pollard,MI,2013,10,29.2,9.41,900000,0.1497687660114044
KA Pollard,MI,2014,2,131.0,10.48,900000,0.005995027005198648
KA Pollard,MI,2015,3,40.0,9.47,900000,0.03259154966300338
KA Pollard,MI,2020,4,47.5,9.04,843750,0.0408903098271554
KC Cariappa,KKR,2015,1,28.0,14.0,400000,0.02362055933484505
KC Cariappa,KXIP,2016,3,53.0,9.35,120000,0.18684813357399377
KC Cariappa,KXIP,2017,4,31.75,8.46,120000,0.45962208493310547
KH Pandya,MI,2016,6,39.33,7.57,300000,0.24879772542153086
KH Pandya,MI,2017,10,27.3,6.82,300000,0.6630831003590862
KH Pandya,MI,2018,12,23.66,7.07,1375000,0.19323270329689654
KH Pandya,MI,2019,12,27.91,7.28,1375000,0.15908292511660485
KH Pandya,MI,2020,6,63.33,7.57,1375000,0.03371160429207634
KJ Abbott,KXIP,2016,2,88.5,11.06,315000,0.02402466165153057
KK Ahmed,SRH,2019,19,15.1,8.23,468750,1.2080134606078832
KK Ahmed,SRH,2020,8,30.25,9.42,468750,0.2218240653549153
KL Nagarkoti,KKR,2020,5,46.2,8.88,500000,0.09027786805564586
KM Asif,CSK,2018,3,25.0,12.5,62500,0.568888888888889
KMA Paul,DC,2019,9,26.33,8.72,71400,2.0333549132476936
KV Sharma,SRH,2014,15,25.06,7.42,625000,0.47803809342155057
KV Sharma,SRH,2015,10,33.2,8.33,625000,0.21427580402977797
KV Sharma,MI,2017,13,16.46,6.97,478000,0.8779890156404352
KV Sharma,CSK,2018,4,22.25,9.36,478000,0.14882039965748095
KV Sharma,CSK,2019,1,33.0,11.64,478000,0.020171649766132317
KV Sharma,CSK,2020,5,33.0,8.68,478000,0.13525230603558766
KW Richardson,PWI,2013,2,50.5,8.53,700000,0.024565622977750244
KW Richardson,RR,2014,9,22.88,7.62,166000,1.1517538317652158
KW Richardson,RCB,2016,7,19.42,9.71,300000,0.45829441595359005
Karanveer Singh,KXIP,2014,11,14.9,8.2,16000,20.840532790115375
Karanveer Singh,KXIP,2015,1,157.0,11.21,16000,0.13152581094080096
Kartik Tyagi,RR,2020,9,40.77,9.61,185700,0.4581447797316587
Kuldeep Yadav,KKR,2016,6,16.66,8.33,66000,2.4261829824390992
Kuldeep Yadav,KKR,2017,12,28.33,8.29,66000,2.867295421829973
Kuldeep Yadav,KKR,2018,17,24.58,8.14,906250,0.3472408848240055
Kuldeep Yadav,KKR,2019,4,71.5,8.66,906250,0.02640123688144713
Kuldeep Yadav,KKR,2020,1,92.0,7.66,906250,0.0057992471707285324
L Balaji,KKR,2013,12,32.25,7.74,500000,0.35610395564725233
L Balaji,KXIP,2014,12,24.91,8.79,300000,0.676602541153377
L Ngidi,CSK,2018,11,14.18,6.0,78130,6.128915242154659
L Ngidi,CSK,2020,9,18.55,10.43,78130,2.2051223882358575
LH Ferguson,RPS,2017,3,31.0,7.15,75000,0.6683877651619589
LH Ferguson,KKR,2019,2,91.5,10.76,228600,0.032912179279444155
LH Ferguson,KKR,2020,6,24.66,7.46,228600,0.5284201383499336
LJ Wright,PWI,2013,2,50.0,10.16,200000,0.07290755322251387
LR Shukla,DC,2014,1,83.0,8.89,250000,0.02007781155869573
M Ashwin,RCB,2018,3,17.66,7.57,343750,0.24178436011519758
M Ashwin,KXIP,2019,5,51.0,7.5,28600,1.6928121503284905
M Ashwin,KXIP,2020,10,23.5,7.46,28600,7.38692199532996
M Kartik,RCB,2013,9,31.55,7.28,400000,0.3628173200280967
M Kartik,KXIP,2014,1,91.0,11.37,400000,0.008948997515400332
M Markande,MI,2018,15,24.53,8.36,31250,8.669092712262195
M Markande,MI,2019,1,59.0,9.83,31250,0.20435284328244313
M Morkel,DC,2013,7,47.85,8.37,475000,0.1362803581137287
M Morkel,KKR,2014,12,30.58,7.64,466000,0.40822606013829893
M Morkel,KKR,2015,10,20.6,7.35,466000,0.5249231903517104
M Morkel,KKR,2016,10,29.7,8.36,466000,0.3201014138641296
M Prasidh Krishna,KKR,2018,10,26.0,9.28,15620,9.827292488778651
M Prasidh Krishna,KKR,2019,4,94.25,9.34,15620,1.0774247867783016
M Prasidh Krishna,KKR,2020,4,41.0,9.37,15620,2.4688332058125444
M de Lange,MI,2014,2,16.0,8.0,50000,1.1574074074074077
MA Starc,RCB,2014,14,28.71,7.49,833000,0.28947046576743213
MA Starc,RCB,2015,20,14.55,6.76,833000,0.9040897402586251
MC Henriques,RCB,2013,7,26.42,8.74,300000,0.3742560031251019
MC Henriques,SRH,2014,4,24.0,9.6,166000,0.38735187664237214
MC Henriques,SRH,2015,11,14.36,6.32,166000,2.7042654199495666
MC Henriques,SRH,2016,12,34.58,7.98,166000,0.9702452238723165
MC Henriques,SRH,2017,1,248.0,10.33,166000,0.008709157517487678
MG Johnson,MI,2013,24,19.12,7.17,300000,2.1613205322640847
MG Johnson,KXIP,2014,17,26.11,8.29,1083000,0.26859337615208595
MG Johnson,KXIP,2015,9,37.33,9.37,1083000,0.08799392861673584
MG Johnson,KXIP,2016,2,53.0,9.63,1083000,0.01340095096726118
MG Johnson,MI,2017,7,20.14,7.05,299000,0.61068113532194
MG Johnson,KKR,2018,2,108.0,10.28,312500,0.0213500717896164
MJ Henry,KXIP,2017,1,71.0,14.2,75000,0.048981071265009654
MJ McClenaghan,MI,2015,18,21.44,8.21,50000,7.574793511128888
MJ McClenaghan,MI,2016,17,25.64,8.17,50000,6.011392366479375
MJ McClenaghan,MI,2017,19,26.68,9.38,50000,5.6238168525308545
MJ McClenaghan,MI,2018,14,23.71,8.3,50000,5.26968457738353
MJ McClenaghan,MI,2019,3,47.33,7.88,50000,0.59583329013542
MJ Santner,CSK,2019,4,23.5,6.71,78130,1.2025081276596168
MJ Santner,CSK,2020,2,26.5,7.57,78130,0.4726140776900043
MM Ali,RCB,2018,3,32.33,7.36,265630,0.17579108608588365
MM Ali,RCB,2019,6,28.16,6.76,265630,0.4394718050786788
MM Ali,RCB,2020,1,42.0,8.4,265630,0.03952123770297875
MM Patel,MI,2013,3,45.66,9.13,700000,0.0380761269256116
MM Patel,GL,2017,1,57.0,8.14,45000,0.17738809161811114
MM Sharma,CSK,2014,23,19.65,8.39,333000,1.551655563071742
MM Sharma,CSK,2015,14,34.35,8.43,333000,0.5377318021772866
MM Sharma,KXIP,2016,13,31.3,8.39,975000,0.18804798063030584
MM Sharma,KXIP,2017,13,31.53,8.97,975000,0.17460575689760077
MM Sharma,KXIP,2018,7,46.0,10.85,375000,0.13852094263501463
MM Sharma,CSK,2019,1,27.0,9.0,714300,0.02133778388294451
MM Sharma,DC,2020,1,45.0,11.25,71400,0.10246439682411605
MN Samuels,PWI,2013,1,34.0,8.5,400000,0.032038959374599524
MP Stoinis,KXIP,2016,8,24.25,8.43,82500,1.7568430167843978
MP Stoinis,KXIP,2017,2,55.0,10.47,82500,0.1559203897775864
MP Stoinis,KXIP,2018,3,40.0,10.9,968750,0.02630627075729177
MP Stoinis,RCB,2019,2,72.5,8.7,968750,0.012122641353076197
MP Stoinis,DC,2020,13,21.76,9.53,685700,0.33860521846430475
MR Marsh,PWI,2013,7,26.0,9.41,290000,0.3654040078973203
MR Marsh,RPS,2016,4,11.25,5.0,720000,0.3657978966620943
MS Gony,KXIP,2013,7,36.57,9.14,500000,0.1551290437626346
Mohammad Nabi,SRH,2017,2,29.0,5.27,45000,1.077072914335814
Mohammad Nabi,SRH,2018,1,47.0,9.4,156250,0.05365256610163809
Mohammad Nabi,SRH,2019,8,24.25,6.65,156250,1.1759065475831618
Mohammed Shami,DC,2014,7,52.71,8.38,708000,0.08290180440506008
Mohammed Shami,DC,2016,5,48.8,9.69,708000,0.05531327632515204
Mohammed Shami,DC,2017,5,48.6,9.34,708000,0.05762220019745
Mohammed Shami,DC,2018,3,48.0,10.4,708000,0.03143761971445588
Mohammed Shami,KXIP,2019,19,24.68,8.68,685700,0.4790609890625302
Mohammed Shami,KXIP,2020,20,23.0,8.57,685700,0.5480540912146248
Mohammed Siraj,SRH,2017,10,21.2,9.21,388000,0.4888875966611935
Mohammed Siraj,RCB,2018,11,33.36,8.95,406250,0.33588179830962145
Mohammed Siraj,RCB,2019,7,38.42,9.55,406250,0.17393227190698515
Mohammed Siraj,RCB,2020,11,21.45,8.68,406250,0.5386275030609192
Mujeeb Ur Rahman,KXIP,2018,14,20.64,6.99,625000,0.5750391129282348
Mujeeb Ur Rahman,KXIP,2019,3,63.66,10.05,625000,0.02778719937506589
Mustafizur Rahman,SRH,2016,17,24.76,6.9,210000,1.7549555919843045
Mustafizur Rahman,MI,2018,7,32.85,8.36,343750,0.2746312272722737
N Rana,KKR,2018,4,11.0,7.13,531250,0.3555617778866686
N Rana,KKR,2019,3,24.0,9.0,531250,0.09682885499878967
NA Saini,RCB,2019,11,36.09,8.27,468750,0.2912026002671461
NA Saini,RCB,2020,6,63.16,8.29,468750,0.09054188953057625
NB Singh,GL,2017,1,15.0,3.75,75000,0.8779149519890261
NLTC Perera,SRH,2013,19,25.15,8.01,650000,0.5374102861587444
NLTC Perera,KXIP,2015,1,55.0,9.16,266000,0.027637352390282754
NLTC Perera,RPS,2016,9,36.22,9.82,150000,0.6247806239034319
NM Coulter-Nile,MI,2013,1,29.0,7.25,450000,0.039146029369308555
NM Coulter-Nile,DC,2014,2,13.5,6.75,708000,0.11481415463342572
NM Coulter-Nile,DC,2015,15,21.4,7.55,708000,0.48566131588340583
NM Coulter-Nile,DC,2016,3,38.0,7.6,708000,0.05434092715185725
NM Coulter-Nile,KKR,2017,15,15.2,8.04,522000,0.8708780713849144
NM Coulter-Nile,MI,2020,5,41.2,7.92,1142900,0.04965644333995423
O Thomas,RR,2019,5,15.8,7.9,157100,0.9443780338923452
P Awana,KXIP,2013,15,27.46,7.62,60000,4.425076063517472
P Awana,KXIP,2014,7,35.0,10.42,108000,0.658225581805592
P Kumar,KXIP,2013,12,31.08,6.62,800000,0.27001537575555706
P Kumar,MI,2014,3,26.0,6.5,800000,0.08218277449046679
P Kumar,SRH,2015,7,47.0,9.13,366667,0.16477594655909664
P Kumar,GL,2016,9,44.55,7.78,525000,0.18318593963647764
P Kumar,GL,2017,6,25.16,9.15,525000,0.18386389328208683
P Negi,CSK,2015,6,42.0,8.4,16000,3.936759889140842
P Negi,DC,2016,1,84.0,9.33,1275000,0.0037065095314189884
P Negi,RCB,2017,16,12.31,6.12,149000,5.279107126240446
P Negi,RCB,2018,1,49.0,12.25,156250,0.03948971879001035
P Negi,RCB,2019,3,34.0,9.13,156250,0.22908031412638077
P Sahu,KXIP,2016,3,48.66,8.34,15000,1.8252740366048492
P Suyal,MI,2014,1,35.0,11.66,16000,0.5672175483496239
PJ Cummins,DC,2017,15,24.86,8.07,672000,0.4120819223186783
PJ Cummins,KKR,2020,12,34.08,7.86,2214300,0.07493054470662425
PJ Sangwan,GL,2017,5,36.2,10.05,30000,1.6967206800727963
PP Chawla,KXIP,2013,11,38.0,7.16,900000,0.16637566051137226
PP Chawla,KKR,2014,14,21.64,7.67,708000,0.44124357379855983
PP Chawla,KKR,2015,11,24.45,7.68,708000,0.3064471451375045
PP Chawla,KKR,2016,11,24.81,7.72,708000,0.3004357423430509
PP Chawla,KKR,2017,6,29.83,8.95,708000,0.11756497067334166
PP Chawla,KKR,2018,14,29.42,8.4,656250,0.31972235310856056
PP Chawla,KKR,2019,10,39.9,8.96,656250,0.1578650582111616
PP Chawla,CSK,2020,6,31.83,9.09,964300,0.07964798582195497
PP Ojha,MI,2013,16,23.81,7.28,800000,0.42734188051281724
PP Ojha,MI,2014,4,95.0,8.26,541000,0.03489757983451726
PV Tambe,RR,2014,15,23.73,7.26,16000,20.154552200677173
PV Tambe,RR,2015,7,38.0,7.82,16000,5.452854927885215
PV Tambe,GL,2016,5,28.6,8.93,30000,2.416949038822873
Parvez Rasool,SRH,2014,1,83.0,9.22,158000,0.03063163197040093
Parvez Rasool,SRH,2015,1,31.0,6.2,158000,0.12196234485779925
Parvez Rasool,RCB,2016,1,129.0,9.21,158000,0.019730123712571452
R Ashwin,CSK,2013,15,26.0,6.72,850000,0.37408125643419765
R Ashwin,CSK,2014,16,27.31,7.3,1250000,0.23779441224002157
R Ashwin,CSK,2015,10,22.8,5.84,1250000,0.2225248560264182
R Ashwin,RPS,2016,10,31.9,7.25,1250000,0.1281142779359189
R Ashwin,KXIP,2018,10,41.0,8.09,1187500,0.0940308234214561
R Ashwin,KXIP,2019,15,26.66,7.27,1187500,0.2413789093645187
R Ashwin,DC,2020,13,30.07,7.66,1100000,0.19003111005149764
R Bhatia,RR,2014,12,23.58,7.44,283000,0.8951881200057256
R Bhatia,RPS,2016,6,40.66,7.17,90000,0.8469513153158162
R Bhatia,RPS,2017,2,27.5,7.85,90000,0.3812601123287607
R Dhawan,KXIP,2014,13,28.07,7.71,500000,0.44495162083810447
R Dhawan,KXIP,2015,1,110.0,9.16,500000,0.007351535735815213
R Dhawan,KXIP,2016,2,28.0,8.0,500000,0.06613756613756615
R McLaren,KKR,2013,3,31.33,13.42,50000,0.5285360023132966
R Parag,RR,2019,2,60.5,8.64,28600,0.49548565006171374
R Rampaul,RCB,2013,13,20.07,6.92,290000,1.1954409355016105
R Rampaul,RCB,2014,1,37.0,6.16,150000,0.10833344166677503
R Sathish,KKR,2016,1,59.0,9.83,30000,0.21286754508587827
R Sharma,PWI,2013,9,31.22,6.85,60000,2.5977899042610515
R Sharma,DC,2014,1,65.0,10.83,316000,0.01664973555058528
R Shukla,DC,2014,2,49.0,10.88,66000,0.21052191920539268
R Tewatia,KXIP,2017,3,16.33,5.44,37000,3.380420152150278
R Tewatia,DC,2018,6,28.83,7.86,468750,0.20920835134895094
R Tewatia,DC,2019,2,21.0,6.63,468750,0.11349902417440547
R Tewatia,RR,2020,10,32.6,7.08,430000,0.3731787644803437
R Vinay Kumar,RCB,2013,23,21.43,8.19,1000000,0.48535331368327705
R Vinay Kumar,KKR,2014,7,40.14,8.78,466000,0.15786159085514684
R Vinay Kumar,MI,2015,7,52.57,8.45,466000,0.12524306093043985
R Vinay Kumar,MI,2016,3,21.33,7.11,466000,0.15722120396808928
R Vinay Kumar,MI,2017,2,15.5,10.33,466000,0.09927692002767069
R Vinay Kumar,KKR,2018,2,32.5,16.95,156250,0.0860583751439209
RA Jadeja,CSK,2013,13,24.84,7.48,2000000,0.12956759665104842
RA Jadeja,CSK,2014,19,23.31,8.15,916667,0.40409023669858174
RA Jadeja,CSK,2015,11,30.0,7.73,916667,0.19165342079704253
RA Jadeja,GL,2016,8,38.87,7.74,916667,0.1074382991650228
RA Jadeja,GL,2017,5,69.8,9.18,916667,0.031528008527061
RA Jadeja,CSK,2018,11,27.54,7.39,1093750,0.18302165603225062
RA Jadeja,CSK,2019,15,22.86,6.35,1093750,0.34991251640351617
RA Jadeja,CSK,2020,6,53.0,8.75,1093750,0.043811235185898266
RD Chahar,RPS,2017,2,29.0,8.28,15000,2.056584876286138
RD Chahar,MI,2019,13,23.69,6.55,296880,1.045182876830302
RD Chahar,MI,2020,15,28.86,8.16,296880,0.7946210544738506
RE van der Merwe,DC,2013,3,23.66,6.45,50000,1.4561731914146945
RG More,CSK,2015,1,59.0,10.11,16000,0.388072694398031
RG Sharma,MI,2014,1,26.0,8.66,1916667,0.00858219405620297
RN ten Doeschate,KKR,2014,1,35.0,7.0,166000,0.09106721671265562
RP Singh,RCB,2013,13,25.76,8.41,600000,0.3704132243310931
RP Singh,RPS,2016,3,37.0,9.25,45000,0.7214421628836043
RS Bopara,SRH,2015,6,26.66,8.0,166667,0.6251550387621905
Rashid Khan,SRH,2017,17,21.05,6.62,597000,0.756834178462681
Rashid Khan,SRH,2018,21,21.8,6.73,1406250,0.3769827145010609
Rashid Khan,SRH,2019,17,22.17,6.28,1406250,0.3215861118875879
Rashid Khan,SRH,2020,20,17.2,5.37,1406250,0.5702968377218568
Ravi Bishnoi,KXIP,2020,12,31.33,7.37,285700,0.6737198740169176
S Badree,CSK,2014,2,48.5,6.92,50000,0.44141632843140505
S Badree,RCB,2017,9,20.88,7.52,75000,2.830539025207649
S Dube,RCB,2020,4,18.25,8.11,714300,0.14013023619899032
S Gopal,MI,2014,6,18.83,8.07,16000,9.139946398967144
S Gopal,MI,2015,1,23.0,10.61,16000,0.9485779677969164
S Gopal,RR,2018,11,21.45,7.61,31250,7.986692174164798
S Gopal,RR,2019,20,17.35,7.22,31250,18.92254440810725
S Gopal,RR,2020,10,42.7,8.54,31250,3.250128024574219
S Kaul,DC,2014,2,63.0,9.69,75000,0.16178588972228852
S Kaul,SRH,2017,16,18.75,8.41,16667,22.54766196348245
S Kaul,SRH,2018,21,26.04,8.28,593750,0.6075479940132222
S Kaul,SRH,2019,6,40.33,8.96,593750,0.10357325663940828
S Kaul,SRH,2020,2,32.0,16.0,593750,0.024366471734892793
S Kaushik,GL,2016,6,32.0,8.34,15000,5.551114663824496
S Lamichhane,DC,2018,5,16.4,6.83,31250,5.290438458313331
S Lamichhane,DC,2019,8,26.25,9.13,31250,3.9561806630079728
S Nadeem,DC,2014,8,38.87,8.18,141000,0.6609053475581758
S Nadeem,DC,2016,2,63.5,8.46,141000,0.09779193296449053
S Nadeem,DC,2017,6,19.83,6.67,141000,1.191570726917645
S Nadeem,DC,2018,3,53.66,10.73,500000,0.038595537715154206
S Nadeem,SRH,2019,2,45.0,10.0,500000,0.03292181069958849
S Nadeem,SRH,2020,5,35.6,8.09,500000,0.12859903694753214
S Sandeep Warrier,KKR,2019,2,42.5,7.08,16000,1.538594094260429
S Sreesanth,RR,2013,5,32.6,7.52,900000,0.08393213878427591
SB Jakati,GL,2016,2,89.0,8.9,30000,0.3117202124061528
SE Rutherford,DC,2019,1,59.0,8.63,285700,0.02546028073829986
SK Raina,CSK,2013,1,23.0,11.5,1300000,0.010771277311920034
SK Raina,CSK,2014,1,134.0,7.44,1583333,0.0023463145753179963
SK Raina,CSK,2015,2,46.5,7.75,1583333,0.01298193148253364
SK Raina,GL,2017,1,102.0,8.5,1583333,0.0026980181995490543
SL Malinga,MI,2013,20,23.4,7.16,1100000,0.40192467256402714
SL Malinga,MI,2014,16,15.81,6.45,1350000,0.4304580811815828
SL Malinga,MI,2015,24,18.5,7.4,1350000,0.48096144192240287
SL Malinga,MI,2017,11,34.72,8.52,1350000,0.10201777355876786
SL Malinga,MI,2019,16,27.37,9.76,285700,0.7764640682043965
SM Boland,RPS,2016,2,27.0,7.71,75000,0.47444603976925337
SM Curran,KXIP,2019,10,32.3,9.78,1028600,0.11398516670729605
SM Curran,CSK,2020,13,26.46,8.19,785700,0.2827802625648344
SMSM Senanayake,KKR,2013,9,23.22,6.53,625000,0.35174127318909304
SN Thakur,KXIP,2015,1,38.0,12.66,33000,0.2332947650427765
SN Thakur,RPS,2017,11,28.63,8.25,33000,5.226845759309764
SN Thakur,CSK,2018,16,26.93,9.23,406250,0.5868468666163746
SN Thakur,CSK,2019,8,35.12,9.36,406250,0.22187199727452447
SN Thakur,CSK,2020,10,27.5,8.5,406250,0.3900239194356842
SP Narine,KKR,2013,22,15.9,5.46,700000,1.3408219457934947
SP Narine,KKR,2014,21,19.38,6.35,700000,0.9028799160682833
SP Narine,KKR,2015,7,33.42,7.31,700000,0.1516046120184799
SP Narine,KKR,2016,11,27.63,7.12,700000,0.29584892968204557
SP Narine,KKR,2017,10,41.2,6.98,700000,0.18398633025722913
SP Narine,KKR,2018,17,27.47,7.65,1953130,0.15340302081383375
SP Narine,KKR,2019,10,34.7,7.82,1953130,0.06988256822417233
SP Narine,KKR,2020,5,60.4,7.94,1953130,0.019770499793465537
SR Watson,RR,2013,13,22.92,7.15,1300000,0.2260037164051126
SR Watson,RR,2014,7,23.57,7.85,1300000,0.10778583346000095
SR Watson,RR,2015,6,44.83,9.27,1300000,0.04113349964306509
SR Watson,RCB,2016,20,24.25,8.58,1425000,0.2498344573463643
SR Watson,RCB,2017,5,49.0,9.13,1425000,0.029048553975328746
SR Watson,CSK,2018,6,41.83,8.96,625000,0.09486621965703966
SS Cottrell,KXIP,2020,6,29.33,8.8,1214300,0.07090335018247365
STR Binny,RCB,2016,1,134.0,7.88,300000,0.01169186966090772
STR Binny,RCB,2017,4,12.5,8.33,300000,0.4742637795859086
STR Binny,RR,2019,1,44.0,6.28,78130,0.17155607095940092
Sachin Baby,RCB,2016,2,4.0,4.8,15000,25.720164609053505
Sandeep Sharma,KXIP,2014,18,19.66,8.81,141000,2.7297960837684774
Sandeep Sharma,KXIP,2015,13,26.92,7.0,141000,1.8121217788211144
Sandeep Sharma,KXIP,2016,15,24.4,7.32,141000,2.2060099900838974
Sandeep Sharma,KXIP,2017,17,23.41,8.29,141000,2.3009654644137143
Sandeep Sharma,SRH,2018,12,27.75,7.56,468750,0.4519510692350199
Sandeep Sharma,SRH,2019,12,29.33,8.25,468750,0.391841282851625
Sandeep Sharma,SRH,2020,14,26.71,7.19,468750,0.5759969879471795
Shahbaz Ahmed,RCB,2020,2,22.0,7.33,28600,1.6061035532696206
Shakib Al Hasan,KKR,2014,11,30.36,6.68,466000,0.43108684940527886
Shakib Al Hasan,KKR,2015,4,30.75,8.78,466000,0.11775264588944197
Shakib Al Hasan,KKR,2016,5,48.6,7.83,466000,0.10442928203116701
Shakib Al Hasan,SRH,2018,14,32.57,8.0,312500,0.6368050580516041
Shakib Al Hasan,SRH,2019,2,47.5,8.76,312500,0.056966363142763064
Shivam Mavi,KKR,2018,5,54.0,9.64,468750,0.07589167980541375
Shivam Mavi,KKR,2020,9,23.55,8.15,468750,0.37050062449616983
Shivam Sharma,KXIP,2014,3,40.33,7.56,16000,2.277652634431432
Shivam Sharma,KXIP,2015,1,44.0,14.66,16000,0.35886376268368086
Swapnil Singh,KXIP,2017,1,61.0,8.71,15000,0.464726017291061
T Natarajan,KXIP,2017,2,57.5,9.07,450000,0.031563022577621856
T Natarajan,SRH,2020,16,31.5,8.02,62500,3.753109876689817
TA Boult,SRH,2015,9,26.22,8.42,633333,0.2383975834307823
TA Boult,SRH,2016,1,39.0,9.75,633333,0.015379240747524009
TA Boult,KKR,2017,5,43.2,9.06,746000,0.06342426867515516
TA Boult,DC,2018,18,25.88,8.84,343750,0.847714276207776
TA Boult,DC,2019,5,32.6,8.57,343750,0.19282578645744494
TA Boult,MI,2020,25,18.28,7.97,460000,1.3816050120014172
TG Southee,RR,2015,6,41.16,8.82,200000,0.30606490877674186
TG Southee,MI,2016,9,36.55,7.65,375000,0.3179059534843983
TG Southee,MI,2017,3,32.0,9.6,375000,0.09645061728395064
TG Southee,RCB,2018,5,52.2,9.0,156250,0.25227441149109947
TG Southee,RCB,2019,1,118.0,13.11,156250,0.015322566357486012
TK Curran,RR,2020,3,69.33,11.44,142900,0.09803429660207374
TM Head,RCB,2017,2,40.5,10.12,75000,0.24097358146383022
TS Mills,RCB,2017,5,30.6,8.57,1791000,0.03942833210147948
TU Deshpande,DC,2020,3,64.0,11.29,28600,0.5376721497182083
UT Yadav,KKR,2014,11,33.36,8.15,433000,0.34606475751750215
UT Yadav,KKR,2015,10,38.2,9.09,433000,0.24633214769877135
UT Yadav,KKR,2016,10,23.4,9.0,433000,0.406153287286923
UT Yadav,KKR,2017,17,24.11,8.45,433000,0.7137454316358907
UT Yadav,RCB,2018,20,20.9,7.86,656250,0.6871128696047228
UT Yadav,RCB,2019,8,46.37,9.8,656250,0.09935591673138969
V Shankar,DC,2018,1,58.0,11.6,500000,0.01100982076011803
V Shankar,SRH,2019,1,70.0,8.75,500000,0.012093726379440667
V Shankar,SRH,2020,4,20.5,6.22,500000,0.23237102681852115
VR Aaron,RCB,2014,16,18.68,8.15,333000,1.168900392212984
VR Aaron,RCB,2015,3,59.0,10.21,333000,0.05539052778659457
VR Aaron,RCB,2016,2,113.5,9.59,333000,0.020436547513159486
VR Aaron,KXIP,2017,7,23.28,8.15,418000,0.32690187334910586
VR Aaron,RR,2019,4,29.0,9.66,342900,0.1542245876480043
VS Malik,RR,2014,1,29.0,9.66,33000,0.40063341745833847
WD Parnell,PWI,2013,6,22.83,9.23,160000,0.6591130205351674
WD Parnell,DC,2014,6,37.16,7.39,166000,0.48748275229961857
Washington Sundar,RCB,2018,4,48.0,9.6,500000,0.06430041152263377
Washington Sundar,RCB,2019,4,18.5,8.22,500000,0.1948420439904625
Washington Sundar,RCB,2020,8,37.25,5.96,500000,0.2669215767724844
Y Prithvi Raj,KKR,2019,1,57.0,11.4,28600,0.19929228916609654
YK Pathan,KKR,2015,2,48.5,9.7,541000,0.029104188432506842
YK Pathan,KKR,2016,1,33.0,5.5,541000,0.03771918856218415
YK Pathan,KKR,2017,1,41.0,10.25,541000,0.016290381258861206
YK Pathan,SRH,2018,1,14.0,7.0,296880,0.12730023893745648
YS Chahal,RCB,2014,12,32.16,7.01,16000,12.321496022818232
YS Chahal,RCB,2015,23,18.04,8.86,16000,33.30993874956878
YS Chahal,RCB,2016,21,19.09,8.15,16000,31.24438716901928
YS Chahal,RCB,2017,14,23.78,7.65,16000,17.814391952048137
YS Chahal,RCB,2018,12,30.25,7.26,937500,0.21586598095488657
YS Chahal,RCB,2019,18,21.44,7.82,937500,0.42413677562740437
YS Chahal,RCB,2020,21,19.28,7.08,937500,0.6077765882721695
Yuvraj Singh,PWI,2013,6,25.33,6.9,1800000,0.07063674861306513
Yuvraj Singh,RCB,2014,5,37.4,8.25,2333000,0.025725625945061427
Yuvraj Singh,DC,2015,1,72.0,8.0,2666667,0.002411265130690625
Yuvraj Singh,SRH,2017,1,22.0,11.0,1050000,0.014575772151529732
Z Khan,RCB,2013,5,9.4,7.83,900000,0.27955940989705175
Z Khan,MI,2014,5,29.2,6.53,433000,0.224296404116475
Z Khan,DC,2015,7,22.28,6.45,666667,0.27061409714593804
Z Khan,DC,2016,10,33.7,7.71,666667,0.213817377631238
Z Khan,DC,2017,10,31.3,7.79,666667,0.2278481373178183
